Categorie Ville;Code Postal;Nom Magasin Sélectionné;Terme Recherche;Nom Produit Extrait;Prix par Kilo/Unité
Grande Ville;95000;Auchan Drive Cergy;Lait;AUCHAN SOLIDAIRES BIO CULTIVONS LE BON Lait demi-écrémé UHT;1,10€ / l
Grande Ville;95000;Auchan Drive Cergy;Lait;GRANOLA Biscuits sablés nappés de chocolat au lait;6,77€ / kg
Grande Ville;95000;Auchan Drive Cergy;Oeufs;AUCHAN Oeufs de poules élevées en plein air;0,25€ / pce
Grande Ville;95000;Auchan Drive Cergy;Oeufs;AUCHAN BIO Oeufs de poules élevées en plein air;0,35€ / pce
Grande Ville;95000;Auchan Drive Cergy;Yaourts nature;AUCHAN BIO Yaourt au lait entier nature;1,72€ / kg
Grande Ville;95000;Auchan Drive Cergy;Yaourts nature;DANONE Yaourt nature;1,63€ / kg
Grande Ville;95000;Auchan Drive Cergy;Fromage;AUCHAN Emmental râpé français;9,48€ / kg
Grande Ville;95000;Auchan Drive Cergy;Fromage;AUCHAN Emmental râpé français;8,45€ / kg
Grande Ville;95000;Auchan Drive Cergy;Beurre;AUCHAN Beurre tendre doux;9,80€ / kg
Grande Ville;95000;Auchan Drive Cergy;Beurre;PRESIDENT Beurre gastronomique doux;10,80€ / kg
Grande Ville;95000;Auchan Drive Cergy;Pain complet;AUCHAN Pain de mie complet avec croûte spécial sandwich;2,24€ / kg
Grande Ville;95000;Auchan Drive Cergy;Pain complet;HARRYS 100% Mie Pain de mie complet sans croûte sans additifs;4,12€ / kg
Grande Ville;95000;Auchan Drive Cergy;Raisins;Raisins sans pépins;7,58€ / kg
Grande Ville;95000;Auchan Drive Cergy;Raisins;BJORG Muesli de céréales bio raisin figue datte et abricot sans sucre ajoutés;5,73€ / kg
Grande Ville;95000;Auchan Drive Cergy;Tomates;Tomates rondes en grappe;0,85€ / pce
Grande Ville;95000;Auchan Drive Cergy;Tomates;Tomates cerises prix bas;3,96€ / kg
Grande Ville;95000;Auchan Drive Cergy;Carottes;Carottes zéro résidu de pesticides;2,52€ / kg
Grande Ville;95000;Auchan Drive Cergy;Carottes;AUCHAN BIO CULTIVONS LE BON Carottes;2,19€ / kg
Grande Ville;95000;Auchan Drive Cergy;Oignons;Oignons prix bas;1,15€ / kg
Grande Ville;95000;Auchan Drive Cergy;Oignons;Oignons rouges;4,98€ / kg
Grande Ville;95000;Auchan Drive Cergy;Salade;Cœur de laitue prix bas;0,43€ / pce
Grande Ville;95000;Auchan Drive Cergy;Salade;Salade batavia;1,69€ / pce
Grande Ville;95000;Auchan Drive Cergy;Concombres;Concombre;1,69€ / pce
Grande Ville;95000;Auchan Drive Cergy;Concombres;AUCHAN BIO Concombre;2,29€ / pce
Grande Ville;95000;Auchan Drive Cergy;Poivrons;Poivrons panachés;5,78€ / kg
Grande Ville;95000;Auchan Drive Cergy;Poivrons;Poivron rouge;1,12€ / pce
Grande Ville;95000;Auchan Drive Cergy;Papier toilette;AUCHAN Papier toilette blanc ultra doux et moelleux 3 épaisseurs;0,38€ / pce
Grande Ville;95000;Auchan Drive Cergy;Papier toilette;FLOREX Papier toilette blanc 2 épaisseurs;0,21€ / pce
Grande Ville;95000;Auchan Drive Cergy;Liquide vaisselle;MIR Liquide vaisselle secret de Japon fleur de lotus cerisier;2,52€ / l
Grande Ville;95000;Auchan Drive Cergy;Liquide vaisselle;AUCHAN Liquide vaisselle super dégraissant vinaigre de framboise;1,76€ / l
Grande Ville;95000;Auchan Drive Cergy;Dentifrice;SIGNAL Dentifrice protection caries fluor & calcium;13,73€ / l
Grande Ville;95000;Auchan Drive Cergy;Dentifrice;SIGNAL Dentifrice haleine pure;18,40€ / l
Grande Ville;76240;Auchan Drive Supermarché Canteleu;Lait;AUCHAN SOLIDAIRES BIO CULTIVONS LE BON Lait demi-écrémé UHT;1,10€ / l
Grande Ville;76240;Auchan Drive Supermarché Canteleu;Lait;GRANOLA Biscuits sablés nappés de chocolat au lait;7,93€ / kg
Grande Ville;76240;Auchan Drive Supermarché Canteleu;Oeufs;AUCHAN Oeufs de poules élevées en plein air;0,25€ / pce
Grande Ville;76240;Auchan Drive Supermarché Canteleu;Oeufs;AUCHAN Oeufs de poules élevées en plein air;0,26€ / pce
Grande Ville;76240;Auchan Drive Supermarché Canteleu;Yaourts nature;DANONE Yaourt nature;1,80€ / kg
Grande Ville;76240;Auchan Drive Supermarché Canteleu;Yaourts nature;LES 300 LAITIERS BIO Yaourt nature;2,25€ / kg
Grande Ville;76240;Auchan Drive Supermarché Canteleu;Fromage;AUCHAN Emmental râpé français;9,48€ / kg
Grande Ville;76240;Auchan Drive Supermarché Canteleu;Fromage;AUCHAN Emmental râpé français;8,45€ / kg
Grande Ville;76240;Auchan Drive Supermarché Canteleu;Beurre;AUCHAN Beurre tendre doux;9,80€ / kg
Grande Ville;76240;Auchan Drive Supermarché Canteleu;Beurre;PRESIDENT Beurre gastronomique doux;11,12€ / kg
Grande Ville;76240;Auchan Drive Supermarché Canteleu;Pain complet;AUCHAN Pain de mie complet avec croûte spécial sandwich;2,24€ / kg
Grande Ville;76240;Auchan Drive Supermarché Canteleu;Pain complet;HARRYS 100% Mie Pain de mie complet sans croûte sans additifs;4,74€ / kg
Grande Ville;76240;Auchan Drive Supermarché Canteleu;Raisins;BJORG Muesli de céréales bio raisin figue datte et abricot sans sucre ajoutés;6,93€ / kg
Grande Ville;76240;Auchan Drive Supermarché Canteleu;Raisins;COTE D'OR Tablette de chocolat au lait raisins et noisettes entières;17,61€ / kg
Grande Ville;76240;Auchan Drive Supermarché Canteleu;Tomates;Tomates cerises prix bas;5,16€ / kg
Grande Ville;76240;Auchan Drive Supermarché Canteleu;Tomates;Tomates rondes prix bas;1,99€ / kg
Grande Ville;76240;Auchan Drive Supermarché Canteleu;Carottes;AUCHAN Carottes;1,99€ / kg
Grande Ville;76240;Auchan Drive Supermarché Canteleu;Carottes;AUCHAN Petits pois carottes à l'étuvée extra-fins;2,40€ / kg
Grande Ville;76240;Auchan Drive Supermarché Canteleu;Oignons;Oignons prix bas;1,15€ / kg
Grande Ville;76240;Auchan Drive Supermarché Canteleu;Oignons;Oignons rouges;4,98€ / kg
Grande Ville;76240;Auchan Drive Supermarché Canteleu;Salade;Cœur de laitue prix bas;0,43€ / pce
Grande Ville;76240;Auchan Drive Supermarché Canteleu;Salade;Salade batavia;1,75€ / pce
Grande Ville;76240;Auchan Drive Supermarché Canteleu;Concombres;Concombre;1,79€ / pce
Grande Ville;76240;Auchan Drive Supermarché Canteleu;Concombres;AUCHAN Tzatziki fromage frais et concombre;7,55€ / kg
Grande Ville;76240;Auchan Drive Supermarché Canteleu;Poivrons;Poivrons panachés;5,38€ / kg
Grande Ville;76240;Auchan Drive Supermarché Canteleu;Poivrons;AUCHAN Trio de poivrons en lanières;3,65€ / kg
Grande Ville;76240;Auchan Drive Supermarché Canteleu;Papier toilette;AUCHAN Papier toilette blanc ultra doux et moelleux 3 épaisseurs;0,38€ / pce
Grande Ville;76240;Auchan Drive Supermarché Canteleu;Papier toilette;AUCHAN Papier Toilette blanc ultra doux et moelleux 3 épaisseurs;0,40€ / pce
Grande Ville;76240;Auchan Drive Supermarché Canteleu;Liquide vaisselle;AUCHAN Liquide vaisselle super dégraissant vinaigre de framboise;1,76€ / l
Grande Ville;76240;Auchan Drive Supermarché Canteleu;Liquide vaisselle;MIR Liquide vaisselle au vinaigre et framboise;4,87€ / l
Grande Ville;76240;Auchan Drive Supermarché Canteleu;Dentifrice;SIGNAL Dentifrice protection caries fluor & calcium;14,53€ / l
Grande Ville;76240;Auchan Drive Supermarché Canteleu;Dentifrice;SIGNAL Dentifrice haleine pure;26,00€ / l
Grande Ville;13003;Auchan Drive Supermarché Marseille Saint-Lazare;Lait;GRANOLA Biscuits sablés nappés de chocolat au lait;8,15€ / kg
Grande Ville;13003;Auchan Drive Supermarché Marseille Saint-Lazare;Lait;CHAUSSEE AUX MOINES Fromage au lait de vache pasteurisé;8,91€ / kg
Grande Ville;13003;Auchan Drive Supermarché Marseille Saint-Lazare;Oeufs;AUCHAN BIO Oeufs de poules élevées en plein air;0,35€ / pce
Grande Ville;13003;Auchan Drive Supermarché Marseille Saint-Lazare;Oeufs;AUCHAN Oeufs de poules élevées en plein air Label Rouge;0,32€ / pce
Grande Ville;13003;Auchan Drive Supermarché Marseille Saint-Lazare;Yaourts nature;DANONE Yaourt nature;1,68€ / kg
Grande Ville;13003;Auchan Drive Supermarché Marseille Saint-Lazare;Yaourts nature;DANONE Yaourt nature;1,98€ / kg
Grande Ville;13003;Auchan Drive Supermarché Marseille Saint-Lazare;Fromage;AUCHAN Emmental râpé français;9,48€ / kg
Grande Ville;13003;Auchan Drive Supermarché Marseille Saint-Lazare;Fromage;AUCHAN Emmental râpé français;8,45€ / kg
Grande Ville;13003;Auchan Drive Supermarché Marseille Saint-Lazare;Beurre;AUCHAN Beurre tendre doux;9,80€ / kg
Grande Ville;13003;Auchan Drive Supermarché Marseille Saint-Lazare;Beurre;PRESIDENT Beurre gastronomique doux;11,00€ / kg
Grande Ville;13003;Auchan Drive Supermarché Marseille Saint-Lazare;Pain complet;AUCHAN Pain de mie complet avec croûte spécial sandwich;2,24€ / kg
Grande Ville;13003;Auchan Drive Supermarché Marseille Saint-Lazare;Pain complet;HARRYS 100% Mie Pain de mie complet sans croûte sans additifs;4,66€ / kg
Grande Ville;13003;Auchan Drive Supermarché Marseille Saint-Lazare;Raisins;Raisins sans pépins;9,90€ / kg
Grande Ville;13003;Auchan Drive Supermarché Marseille Saint-Lazare;Raisins;BJORG Muesli de céréales bio raisin figue datte et abricot sans sucre ajoutés;6,83€ / kg
Grande Ville;13003;Auchan Drive Supermarché Marseille Saint-Lazare;Tomates;Tomates cerises prix bas;3,96€ / kg
Grande Ville;13003;Auchan Drive Supermarché Marseille Saint-Lazare;Tomates;Tomates cerises mélangées;6,73€ / kg
Grande Ville;13003;Auchan Drive Supermarché Marseille Saint-Lazare;Carottes;Carottes zéro résidu de pesticides;2,65€ / kg
Grande Ville;13003;Auchan Drive Supermarché Marseille Saint-Lazare;Carottes;AUCHAN BIO CULTIVONS LE BON Carottes;1,99€ / kg
Grande Ville;13003;Auchan Drive Supermarché Marseille Saint-Lazare;Oignons;Oignons prix bas;1,15€ / kg
Grande Ville;13003;Auchan Drive Supermarché Marseille Saint-Lazare;Oignons;Oignons rouges;4,98€ / kg
Grande Ville;13003;Auchan Drive Supermarché Marseille Saint-Lazare;Salade;Cœur de laitue prix bas;0,43€ / pce
Grande Ville;13003;Auchan Drive Supermarché Marseille Saint-Lazare;Salade;Salade batavia;1,49€ / pce
Grande Ville;13003;Auchan Drive Supermarché Marseille Saint-Lazare;Concombres;Concombre;1,69€ / pce
Grande Ville;13003;Auchan Drive Supermarché Marseille Saint-Lazare;Concombres;AUCHAN BIO Concombre;2,39€ / pce
Grande Ville;13003;Auchan Drive Supermarché Marseille Saint-Lazare;Poivrons;Poivrons panachés;5,78€ / kg
Grande Ville;13003;Auchan Drive Supermarché Marseille Saint-Lazare;Poivrons;AUCHAN Trio de poivrons en lanières;3,65€ / kg
Grande Ville;13003;Auchan Drive Supermarché Marseille Saint-Lazare;Papier toilette;AUCHAN Papier toilette blanc ultra doux et moelleux 3 épaisseurs;0,38€ / pce
Grande Ville;13003;Auchan Drive Supermarché Marseille Saint-Lazare;Papier toilette;AUCHAN Papier Toilette blanc ultra doux et moelleux 3 épaisseurs;0,40€ / pce
Grande Ville;13003;Auchan Drive Supermarché Marseille Saint-Lazare;Liquide vaisselle;MIR Liquide vaisselle secret de Japon fleur de lotus cerisier;3,21€ / l
Grande Ville;13003;Auchan Drive Supermarché Marseille Saint-Lazare;Liquide vaisselle;AUCHAN Liquide vaisselle super dégraissant vinaigre de framboise;1,76€ / l
Grande Ville;13003;Auchan Drive Supermarché Marseille Saint-Lazare;Dentifrice;SIGNAL Dentifrice protection caries fluor & calcium;11,87€ / l
Grande Ville;13003;Auchan Drive Supermarché Marseille Saint-Lazare;Dentifrice;SIGNAL Dentifrice haleine pure;24,40€ / l
Grande Ville;31000;Auchan Drive Supermarché Toulouse Pontjumeaux;Lait;GRANOLA Biscuits sablés nappés de chocolat au lait;8,15€ / kg
Grande Ville;31000;Auchan Drive Supermarché Toulouse Pontjumeaux;Lait;CHAUSSEE AUX MOINES Fromage au lait de vache pasteurisé;9,38€ / kg
Grande Ville;31000;Auchan Drive Supermarché Toulouse Pontjumeaux;Oeufs;AUCHAN Oeufs de poules élevées en plein air;0,25€ / pce
Grande Ville;31000;Auchan Drive Supermarché Toulouse Pontjumeaux;Oeufs;AUCHAN BIO Oeufs de poules élevées en plein air;0,35€ / pce
Grande Ville;31000;Auchan Drive Supermarché Toulouse Pontjumeaux;Yaourts nature;AUCHAN BIO Yaourt au lait entier nature;1,81€ / kg
Grande Ville;31000;Auchan Drive Supermarché Toulouse Pontjumeaux;Yaourts nature;DANONE Yaourt nature;1,68€ / kg
Grande Ville;31000;Auchan Drive Supermarché Toulouse Pontjumeaux;Fromage;AUCHAN Emmental râpé français;9,48€ / kg
Grande Ville;31000;Auchan Drive Supermarché Toulouse Pontjumeaux;Fromage;AUCHAN Emmental râpé français;8,45€ / kg
Grande Ville;31000;Auchan Drive Supermarché Toulouse Pontjumeaux;Beurre;AUCHAN Beurre tendre doux;9,80€ / kg
Grande Ville;31000;Auchan Drive Supermarché Toulouse Pontjumeaux;Beurre;PRESIDENT Beurre gastronomique doux;11,00€ / kg
Grande Ville;31000;Auchan Drive Supermarché Toulouse Pontjumeaux;Pain complet;AUCHAN Pain de mie complet avec croûte spécial sandwich;2,24€ / kg
Grande Ville;31000;Auchan Drive Supermarché Toulouse Pontjumeaux;Pain complet;HARRYS 100% Mie Pain de mie complet sans croûte sans additifs;4,70€ / kg
Grande Ville;31000;Auchan Drive Supermarché Toulouse Pontjumeaux;Raisins;Raisins sans pépins;9,18€ / kg
Grande Ville;31000;Auchan Drive Supermarché Toulouse Pontjumeaux;Raisins;BJORG Muesli de céréales bio raisin figue datte et abricot sans sucre ajoutés;6,93€ / kg
Grande Ville;31000;Auchan Drive Supermarché Toulouse Pontjumeaux;Tomates;Tomates cerises prix bas;3,96€ / kg
Grande Ville;31000;Auchan Drive Supermarché Toulouse Pontjumeaux;Tomates;Tomates cerises mélangées;6,98€ / kg
Grande Ville;31000;Auchan Drive Supermarché Toulouse Pontjumeaux;Carottes;Carottes zéro résidu de pesticides;2,65€ / kg
Grande Ville;31000;Auchan Drive Supermarché Toulouse Pontjumeaux;Carottes;AUCHAN BIO CULTIVONS LE BON Carottes;1,99€ / kg
Grande Ville;31000;Auchan Drive Supermarché Toulouse Pontjumeaux;Oignons;Oignons prix bas;1,15€ / kg
Grande Ville;31000;Auchan Drive Supermarché Toulouse Pontjumeaux;Oignons;Oignons rouges;5,38€ / kg
Grande Ville;31000;Auchan Drive Supermarché Toulouse Pontjumeaux;Salade;Cœur de laitue prix bas;0,43€ / pce
Grande Ville;31000;Auchan Drive Supermarché Toulouse Pontjumeaux;Salade;Salade batavia;1,29€ / pce
Grande Ville;31000;Auchan Drive Supermarché Toulouse Pontjumeaux;Concombres;Concombre;1,89€ / pce
Grande Ville;31000;Auchan Drive Supermarché Toulouse Pontjumeaux;Concombres;AUCHAN BIO Concombre;1,99€ / pce
Grande Ville;31000;Auchan Drive Supermarché Toulouse Pontjumeaux;Poivrons;Poivrons panachés;5,78€ / kg
Grande Ville;31000;Auchan Drive Supermarché Toulouse Pontjumeaux;Poivrons;AUCHAN Trio de poivrons en lanières;3,65€ / kg
Grande Ville;31000;Auchan Drive Supermarché Toulouse Pontjumeaux;Papier toilette;AUCHAN Papier toilette blanc ultra doux et moelleux 3 épaisseurs;0,38€ / pce
Grande Ville;31000;Auchan Drive Supermarché Toulouse Pontjumeaux;Papier toilette;AUCHAN Papier Toilette blanc ultra doux et moelleux 3 épaisseurs;0,40€ / pce
Grande Ville;31000;Auchan Drive Supermarché Toulouse Pontjumeaux;Liquide vaisselle;MIR Liquide vaisselle secret de Japon fleur de lotus cerisier;3,27€ / l
Grande Ville;31000;Auchan Drive Supermarché Toulouse Pontjumeaux;Liquide vaisselle;AUCHAN Liquide vaisselle super dégraissant vinaigre de framboise;1,76€ / l
Grande Ville;31000;Auchan Drive Supermarché Toulouse Pontjumeaux;Dentifrice;SIGNAL Dentifrice protection caries fluor & calcium;11,87€ / l
Grande Ville;31000;Auchan Drive Supermarché Toulouse Pontjumeaux;Dentifrice;SIGNAL Dentifrice haleine pure;22,00€ / l
Grande Ville;33000;Auchan Drive Supermarché Counord;Lait;AUCHAN SOLIDAIRES BIO CULTIVONS LE BON Lait demi-écrémé UHT;1,10€ / l
Grande Ville;33000;Auchan Drive Supermarché Counord;Lait;GRANOLA Biscuits sablés nappés de chocolat au lait;8,15€ / kg
Grande Ville;33000;Auchan Drive Supermarché Counord;Oeufs;AUCHAN Oeufs de poules élevées en plein air;0,25€ / pce
Grande Ville;33000;Auchan Drive Supermarché Counord;Oeufs;AUCHAN BIO Oeufs de poules élevées en plein air;0,35€ / pce
Grande Ville;33000;Auchan Drive Supermarché Counord;Yaourts nature;AUCHAN BIO Yaourt au lait entier nature;1,79€ / kg
Grande Ville;33000;Auchan Drive Supermarché Counord;Yaourts nature;DANONE Yaourt nature;1,85€ / kg
Grande Ville;33000;Auchan Drive Supermarché Counord;Fromage;AUCHAN Emmental râpé français;9,48€ / kg
Grande Ville;33000;Auchan Drive Supermarché Counord;Fromage;AUCHAN Emmental râpé français;8,45€ / kg
Grande Ville;33000;Auchan Drive Supermarché Counord;Beurre;AUCHAN Beurre tendre doux;9,80€ / kg
Grande Ville;33000;Auchan Drive Supermarché Counord;Beurre;PRESIDENT Beurre gastronomique doux;10,84€ / kg
Grande Ville;33000;Auchan Drive Supermarché Counord;Pain complet;AUCHAN Pain de mie complet avec croûte spécial sandwich;2,24€ / kg
Grande Ville;33000;Auchan Drive Supermarché Counord;Pain complet;HARRYS American Sandwich Pain de mie complet sans sucres ajoutés;3,08€ / kg
Grande Ville;33000;Auchan Drive Supermarché Counord;Raisins;BJORG Muesli de céréales bio raisin figue datte et abricot sans sucre ajoutés;6,69€ / kg
Grande Ville;33000;Auchan Drive Supermarché Counord;Raisins;AUCHAN RIK & ROK Raisins roses sans pépins;7,98€ / kg
Grande Ville;33000;Auchan Drive Supermarché Counord;Tomates;Tomates rondes prix bas;1,99€ / kg
Grande Ville;33000;Auchan Drive Supermarché Counord;Tomates;AUCHAN CULTIVONS LE BON Tomates cerises rondes en grappes;13,30€ / kg
Grande Ville;33000;Auchan Drive Supermarché Counord;Carottes;AUCHAN Carottes;1,99€ / kg
Grande Ville;33000;Auchan Drive Supermarché Counord;Carottes;AUCHAN Petits pois carottes à l'étuvée extra-fins;2,40€ / kg
Grande Ville;33000;Auchan Drive Supermarché Counord;Oignons;Oignons prix bas;1,15€ / kg
Grande Ville;33000;Auchan Drive Supermarché Counord;Oignons;AUCHAN Oignons émincés;1,85€ / kg
Grande Ville;33000;Auchan Drive Supermarché Counord;Salade;Salade batavia;1,29€ / pce
Grande Ville;33000;Auchan Drive Supermarché Counord;Salade;Salade iceberg;0,99€ / pce
Grande Ville;33000;Auchan Drive Supermarché Counord;Concombres;Concombre;1,89€ / pce
Grande Ville;33000;Auchan Drive Supermarché Counord;Concombres;AUCHAN BIO Concombre;1,99€ / pce
Grande Ville;33000;Auchan Drive Supermarché Counord;Poivrons;Poivrons panachés;5,78€ / kg
Grande Ville;33000;Auchan Drive Supermarché Counord;Poivrons;AUCHAN Trio de poivrons en lanières;3,65€ / kg
Grande Ville;33000;Auchan Drive Supermarché Counord;Papier toilette;AUCHAN Papier toilette blanc ultra doux et moelleux 3 épaisseurs;0,38€ / pce
Grande Ville;33000;Auchan Drive Supermarché Counord;Papier toilette;AUCHAN Papier Toilette blanc ultra doux et moelleux 3 épaisseurs;0,40€ / pce
Grande Ville;33000;Auchan Drive Supermarché Counord;Liquide vaisselle;MIR Liquide vaisselle secret de Japon fleur de lotus cerisier;3,16€ / l
Grande Ville;33000;Auchan Drive Supermarché Counord;Liquide vaisselle;AUCHAN Liquide vaisselle super dégraissant vinaigre de framboise;1,76€ / l
Grande Ville;33000;Auchan Drive Supermarché Counord;Dentifrice;SIGNAL Dentifrice protection caries fluor & calcium;12,53€ / l
Grande Ville;33000;Auchan Drive Supermarché Counord;Dentifrice;SIGNAL Dentifrice haleine pure;18,80€ / l
Grande Ville;75015;My Auchan Lockers Paris Vaugirard;Lait;PRESIDENT Camembert au lait pasteurisé;7,40€ / kg
Grande Ville;75015;My Auchan Lockers Paris Vaugirard;Lait;AUCHAN BIO CULTIVONS LE BON - Lait demi-écrémé stérilisé UHT;1,15€ / l
Grande Ville;75015;My Auchan Lockers Paris Vaugirard;Oeufs;AUCHAN Oeufs de poules élevées en plein air;0,29€ / pce
Grande Ville;75015;My Auchan Lockers Paris Vaugirard;Oeufs;AUCHAN Oeufs de poules élevées en plein air;0,02€ / pce
Grande Ville;75015;My Auchan Lockers Paris Vaugirard;Yaourts nature;AUCHAN BIO Yaourt au lait entier nature;2,10€ / kg
Grande Ville;75015;My Auchan Lockers Paris Vaugirard;Yaourts nature;ACTIVIA Probiotiques - Yaourt au bifidus nature;2,96€ / kg
Grande Ville;75015;My Auchan Lockers Paris Vaugirard;Fromage;AUCHAN Emmental râpé français;9,76€ / kg
Grande Ville;75015;My Auchan Lockers Paris Vaugirard;Fromage;AUCHAN Emmental râpé français;8,45€ / kg
Grande Ville;75015;My Auchan Lockers Paris Vaugirard;Beurre;AUCHAN Beurre tendre doux;10,76€ / kg
Grande Ville;75015;My Auchan Lockers Paris Vaugirard;Beurre;PRESIDENT Beurre gastronomique doux;12,24€ / kg
Grande Ville;75015;My Auchan Lockers Paris Vaugirard;Pain complet;AUCHAN Pain de mie complet avec croûte spécial sandwich;2,48€ / kg
Grande Ville;75015;My Auchan Lockers Paris Vaugirard;Pain complet;AUCHAN Pain de mie complet avec croûte extra moelleux;3,75€ / kg
Grande Ville;75015;My Auchan Lockers Paris Vaugirard;Raisins;TRAMIER Pépins de raisin assaisonnement friture cuisson;11,02€ / l
Grande Ville;75015;My Auchan Lockers Paris Vaugirard;Raisins;AUCHAN Cranberries;21,93€ / kg
Grande Ville;75015;My Auchan Lockers Paris Vaugirard;Tomates;Tomates cerises prix bas;3,96€ / kg
Grande Ville;75015;My Auchan Lockers Paris Vaugirard;Tomates;Tomates rondes prix bas;1,99€ / kg
Grande Ville;75015;My Auchan Lockers Paris Vaugirard;Carottes;AUCHAN Baby carottes;9,45€ / kg
Grande Ville;75015;My Auchan Lockers Paris Vaugirard;Carottes;AUCHAN Carottes en rondelles;1,29€ / kg
Grande Ville;75015;My Auchan Lockers Paris Vaugirard;Oignons;Oignons prix bas;1,15€ / kg
Grande Ville;75015;My Auchan Lockers Paris Vaugirard;Oignons;Oignons rouges;5,98€ / kg
Grande Ville;75015;My Auchan Lockers Paris Vaugirard;Salade;Cœur de laitue prix bas;0,46€ / pce
Grande Ville;75015;My Auchan Lockers Paris Vaugirard;Salade;AUCHAN Mélange de jeunes pousses épinard et laitue;14,32€ / kg
Grande Ville;75015;My Auchan Lockers Paris Vaugirard;Concombres;AUCHAN Tzatziki fromage frais et concombre;9,45€ / kg
Grande Ville;75015;My Auchan Lockers Paris Vaugirard;Concombres;BONDUELLE Concombre au fromage blanc ciboulette;8,75€ / kg
Grande Ville;75015;My Auchan Lockers Paris Vaugirard;Poivrons;Poivrons panachés;4,30€ / kg
Grande Ville;75015;My Auchan Lockers Paris Vaugirard;Poivrons;AUCHAN Trio de poivrons en lanières;3,98€ / kg
Grande Ville;75015;My Auchan Lockers Paris Vaugirard;Papier toilette;AUCHAN MIEUX VIVRE Papier toilette écologique blanc maxi 2 épaisseurs;0,50€ / pce
Grande Ville;75015;My Auchan Lockers Paris Vaugirard;Papier toilette;AUCHAN Papier toilette blanc ultra doux et moelleux 3 épaisseurs;0,42€ / pce
Grande Ville;75015;My Auchan Lockers Paris Vaugirard;Liquide vaisselle;AUCHAN Liquide vaisselle super dégraissant vinaigre de framboise;1,76€ / l
Grande Ville;75015;My Auchan Lockers Paris Vaugirard;Liquide vaisselle;PAIC Excel Liquide vaisselle ultra dégraissant;5,50€ / l
Grande Ville;75015;My Auchan Lockers Paris Vaugirard;Dentifrice;SIGNAL Dentifrice haleine pure;26,67€ / l
Grande Ville;75015;My Auchan Lockers Paris Vaugirard;Dentifrice;SIGNAL Integral 8 complet prebiotic;35,33€ / l
