Unité urbaine 2020;Libellé géographique de l'unité urbaine 2020;Tranche d'unité urbaine 2020 calculée sur la population 2017;Tranche détaillée d'unité urbaine 2020 calculée sur la population 2017;Type d'unité urbaine;Nombre communes
UU2020;LIBUU2020;TUU2017;TDUU2017;TYPE_UU2020;NB_COM
00151;Lécluse;1;11;3;2
00152;Olonzac;1;11;3;2
00153;Cussey-sur-l'Ognon;1;11;3;3
00154;Aumale;1;11;4;2
00155;Gouy-sous-Bellonne;1;11;3;2
00156;Bessé-sur-Braye;1;12;4;2
00157;Incheville;1;13;4;3
00158;Gamaches;1;13;4;2
00159;Entre-deux-Guiers;1;13;3;3
00160;Sablons;1;13;3;2
00161;Arleux;1;13;3;2
00162;Blangy-sur-Bresle;1;13;4;2
00163;Vayrac;1;14;4;6
00164;Saint-Georges-sur-Cher;1;14;3;3
00165;Seyssel;1;14;3;3
00166;Saint-Ouen-de-Thouberville;1;14;3;4
00167;Châtenois-les-Forges;1;14;3;3
00251;Pontacq;2;21;4;5
00252;Plestin-les-Grèves;2;21;3;2
00253;Ivry-la-Bataille;2;21;4;3
00254;Montréjeau;2;21;3;5
00255;Descartes;2;21;4;3
00256;Chazelles-sur-Lyon;2;21;3;2
00257;Chauffailles;2;21;4;5
00258;Chagny;2;21;3;2
00259;Castillon-la-Bataille;2;21;3;4
00260;Aire-sur-l'Adour;2;22;4;2
00261;Terrasson-Lavilledieu;2;22;3;2
00262;Raon-l'Étape;2;22;3;3
00263;Condé-en-Normandie;2;22;3;2
00264;Beaucourt;2;22;3;4
00265;Le Malesherbois;2;22;4;2
00266;Souppes-sur-Loing;2;22;4;2
00267;Carhaix-Plouguer;2;22;3;3
00268;Saint-Rambert-d'Albon;2;22;3;2
00269;Pontcharra;2;22;3;5
00270;Digoin;2;22;4;3
00351;Brassac-les-Mines;3;31;3;6
00352;Montpon-Ménestérol;3;31;3;7
00353;Saint-Vallier;3;31;3;7
00354;Épernon;3;31;4;6
00355;Ézy-sur-Eure;3;31;4;7
00356;Saint-Lubin-des-Joncherets-Nonancourt;3;31;4;5
00357;Gisors;3;31;4;3
00358;Allevard;3;31;3;9
00359;Eu;3;32;4;6
00360;Valserhône;3;32;3;2
00361;Le Grau-du-Roi;3;32;3;2
00362;Clisson;4;41;3;4
00451;Belleville-en-Beaujolais;4;41;3;5
00452;Esch-sur-Alzette (LUX)-Villerupt (partie française);4;41;5;5
00453;Le Pont-de-Beauvoisin;4;41;3;13
00454;Honfleur;4;41;3;12
00455;Jœuf;4;41;3;6
00456;Redon;4;41;4;6
00457;Saint-Laurent-de-la-Salanque;4;41;3;4
00458;Marmande;4;42;3;10
00459;Tournon-sur-Rhône;4;43;3;8
00460;Saint-Dizier;4;43;3;6
00461;Beaucaire;4;43;4;2
00462;Dinard;4;43;3;9
00463;Persan-Beaumont-sur-Oise;4;43;4;6
00464;Alençon;4;44;4;8
00465;Sallanches;4;44;3;12
00551;Lunel;5;51;3;9
00552;Arles;5;51;4;2
00553;Montélimar;5;51;3;7
00554;Mâcon;5;51;4;16
00555;Bergerac;5;51;3;22
00556;Saint-Omer;5;52;3;23
00557;Brive-la-Gaillarde;5;52;3;12
00558;Belfort;5;52;3;16
00559;Vienne;5;52;3;25
00651;Montbéliard;6;61;3;25
00652;Valence;6;61;3;10
00653;Genève (SUI)-Annemasse (partie française);6;62;5;34
00751;Bayonne (partie française);7;71;5;28
00752;Béthune;7;72;3;94
00753;Saint-Étienne;7;72;3;32
00754;Avignon;7;72;4;59
00755;Rouen;7;72;3;50
00756;Douai-Lens;7;73;3;67
00757;Toulon;7;73;3;27
00758;Toulouse;7;73;3;81
00759;Marseille-Aix-en-Provence;7;73;3;50
00760;Lyon;7;73;3;123
00851;Paris;8;80;3;406
01000;Communes hors unité urbaine du département 01;0;00;0;279
01101;Saint-Martin-du-Frêne;1;11;2;3
01102;Échenevex;1;11;1;1
01103;Versonnex;1;11;1;1
01104;Châtillon-la-Palud;1;11;2;2
01105;Chalamont;1;11;1;1
01106;Polliat;1;12;1;1
01107;Saint-Maurice-de-Gourdans;1;12;1;1
01108;Buellas;1;12;2;2
01109;Vonnas;1;12;1;1
01110;Pont-d'Ain;1;12;1;1
01111;Culoz-Béon;1;13;1;1
01112;Loyettes;1;13;1;1
01113;Attignat;1;13;1;1
01114;Feillens;1;13;1;1
01115;Saint-André-de-Corcy;1;13;1;1
01116;Montagnat;1;13;2;2
01117;Villieu-Loyes-Mollon;1;13;1;1
01118;Péron;1;13;2;2
01119;Montrevel-en-Bresse;1;13;2;2
01120;Replonges;1;13;1;1
01121;Jujurieux;1;13;2;2
01122;Crozet;1;13;2;2
01123;Ceyzériat;1;14;2;2
01124;Nantua;1;14;2;2
01125;Pont-de-Vaux;1;14;2;3
01126;Crottet-Pont-de-Veyle;1;14;2;3
01127;Saint-Didier-sur-Chalaronne-Thoissey;1;14;2;2
01128;Villars-les-Dombes;1;14;1;1
01129;Plateau d'Hauteville;1;14;1;1
01130;Châtillon-sur-Chalaronne;1;14;1;1
01201;Bâgé-Dommartin;2;21;2;3
01202;Béligneux;2;21;2;2
01203;Montréal-la-Cluse;2;22;2;5
01204;Lagnieu;2;22;2;2
01205;Divonne-les-Bains (partie française);2;22;5;1
01301;Belley;3;31;2;2
01302;Meximieux;3;31;2;3
01303;Ambérieu-en-Bugey;3;32;2;3
01401;Gex;4;41;2;3
01402;Oyonnax;4;43;2;5
01501;Bourg-en-Bresse;5;51;2;5
02000;Communes hors unité urbaine du département 02;0;00;0;724
02101;Vailly-sur-Aisne;1;11;1;1
02102;Sissonne;1;11;1;1
02103;La Ferté-Milon;1;11;1;1
02104;Braine;1;11;1;1
02105;Nesles-la-Montagne;1;11;2;2
02106;Marle;1;11;1;1
02107;Saint-Gobain;1;11;1;1
02108;Venizel;1;12;2;2
02109;Le Nouvion-en-Thiérache;1;12;1;1
02110;Villeneuve-sur-Aisne;1;12;1;1
02111;Montescourt-Lizerolles;1;12;2;2
02112;Fresnoy-le-Grand;1;12;1;1
02113;Fère-en-Tardenois;1;13;1;1
02114;Origny-Sainte-Benoite;1;13;2;3
02115;Étreux;1;13;2;4
02116;Saint-Michel;1;13;1;1
02117;Vervins;1;13;2;2
02118;Pinon;1;14;2;2
02119;Guise;1;14;1;1
02201;Bohain-en-Vermandois;2;21;1;1
02202;Charly-sur-Marne;2;22;2;5
02203;Hirson;2;22;2;2
02301;Villers-Cotterêts;3;31;1;1
02302;Chauny;3;32;2;5
02401;Château-Thierry;4;41;2;6
02402;Tergnier;4;41;2;7
02403;Laon;4;42;2;3
02404;Soissons;4;44;2;8
02501;Saint-Quentin;5;51;2;6
03000;Communes hors unité urbaine du département 03;0;00;0;279
03101;Néris-les-Bains;1;12;1;1
03102;Bourbon-l'Archambault;1;12;1;1
03103;Dompierre-sur-Besbre;1;13;1;1
03104;Varennes-sur-Allier;1;13;1;1
03105;Lapalisse;1;13;2;2
03106;Saint-Germain-des-Fossés;1;14;2;3
03201;Saint-Pourçain-sur-Sioule;2;21;1;1
03202;Gannat;2;21;1;1
03203;Commentry;2;22;2;2
03401;Moulins;4;43;2;4
03501;Montluçon;5;51;2;6
03502;Vichy;5;51;2;13
04000;Communes hors unité urbaine du département 04;0;00;0;174
04101;Aiglun;1;11;2;2
04102;Gréoux-les-Bains;1;12;1;1
04103;Peyruis;1;12;1;1
04104;Volx;1;13;1;1
04105;Valensole;1;13;1;1
04106;Barcelonnette;1;13;2;2
04107;Les Mées;1;13;1;1
04108;Villeneuve;1;14;1;1
04201;Forcalquier;2;21;2;2
04202;Oraison;2;22;2;2
04203;Château-Arnoux-Saint-Auban;2;22;2;3
04204;Sisteron;2;22;1;1
04301;Digne-les-Bains;3;32;2;2
04401;Manosque;4;43;2;4
05000;Communes hors unité urbaine du département 05;0;00;0;140
05101;L'Argentière-la-Bessée;1;11;1;1
05102;Tallard;1;11;2;2
05103;Chorges;1;12;1;1
05104;Guillestre;1;13;2;3
05105;Veynes;1;13;2;2
05106;Laragne-Montéglin;1;13;2;2
05201;Embrun;2;22;2;3
05301;Briançon;3;32;2;6
05401;Gap;4;44;2;2
06000;Communes hors unité urbaine du département 06;0;00;0;93
06101;Breil-sur-Roya;1;11;1;1
06102;L'Escarène;1;12;1;1
06103;Saint-Martin-du-Var;1;13;1;1
06104;Roquebillière;1;13;2;3
06105;Saint-Vallier-de-Thiey;1;13;1;1
06106;Sospel;1;13;1;1
06107;Saint-Cézaire-sur-Siagne;1;13;1;1
06108;Levens;1;14;1;1
06501;Menton-Monaco (partie française);5;51;5;9
06701;Nice;7;73;2;51
07000;Communes hors unité urbaine du département 07;0;00;0;253
07101;Lavilledieu;1;11;1;1
07102;Lamastre;1;11;1;1
07103;Lalevade-d'Ardèche;1;11;2;2
07104;Villeneuve-de-Berg;1;12;1;1
07105;Cruas;1;13;1;1
07106;Vallon-Pont-d'Arc;1;13;2;2
07107;Le Cheylard;1;13;2;2
07108;Viviers;1;13;1;1
07109;Chomérac;1;13;2;2
07110;Peaugres;1;13;2;2
07111;Saint-Julien-en-Saint-Alban;1;13;2;3
07112;Le Pouzin;1;14;2;2
07113;Les Vans;1;14;2;4
07114;Ruoms;1;14;2;5
07201;Bourg-Saint-Andéol;2;22;1;1
07202;La Voulte-sur-Rhône;2;22;2;3
07203;Charmes-sur-Rhône;2;22;2;4
07301;Privas;3;31;2;6
07401;Annonay;4;42;2;6
07402;Aubenas;4;44;2;22
08000;Communes hors unité urbaine du département 08;0;00;0;404
08101;Donchery;1;11;1;1
08102;Monthermé;1;11;1;1
08103;Rocroi;1;12;2;2
08104;Vireux-Wallerand;1;13;2;2
08105;Carignan;1;14;2;3
08106;Vouziers;1;14;1;1
08201;Nouvion-sur-Meuse;2;21;2;3
08202;Fumay;2;21;2;2
08203;Bogny-sur-Meuse;2;21;2;2
08204;Revin;2;21;1;1
08205;Vrigne aux Bois;2;21;2;2
08206;Nouzonville;2;21;2;2
08207;Givet;2;22;2;3
08208;Rethel;2;22;2;3
08401;Sedan;4;42;2;7
08501;Charleville-Mézières;5;51;2;8
09000;Communes hors unité urbaine du département 09;0;00;0;286
09101;Laroque-d'Olmes;1;11;1;1
09102;Montgailhard;1;12;2;2
09103;Mirepoix;1;13;1;1
09104;La Tour-du-Crieu;1;13;1;1
09105;Mazères;1;13;1;1
09106;Saverdun;1;14;1;1
09201;Tarascon-sur-Ariège;2;21;2;9
09202;Lavelanet;2;22;2;4
09203;Saint-Girons;2;22;2;4
09301;Foix;3;31;2;5
09401;Pamiers;4;42;2;10
10000;Communes hors unité urbaine du département 10;0;00;0;394
10101;Marigny-le-Châtel;1;11;2;2
10102;Lusigny-sur-Barse;1;11;1;1
10103;Vendeuvre-sur-Barse;1;11;1;1
10104;Villenauxe-la-Grande;1;12;1;1
10105;Saint-Lyé;1;12;1;1
10106;Bar-sur-Seine;1;13;1;1
10107;Brienne-le-Château;1;13;2;2
10108;Arcis-sur-Aube;1;13;2;2
10109;Aix-Villemaur-Pâlis;1;13;2;2
10201;Bar-sur-Aube;2;21;2;2
10202;Nogent-sur-Seine;2;21;1;1
10301;Romilly-sur-Seine;3;32;2;3
10601;Troyes;6;61;2;18
11000;Communes hors unité urbaine du département 11;0;00;0;388
11101;Argeliers;1;11;1;1
11102;Canet;1;11;2;2
11103;Palaja;1;11;1;1
11104;Ouveillan;1;11;1;1
11105;Pennautier;1;12;1;1
11106;Vinassan;1;12;1;1
11107;Sallèles-d'Aude;1;12;1;1
11108;Rieux-Minervois;1;13;2;2
11109;Bram;1;13;1;1
11110;Conques-sur-Orbiel;1;13;2;2
11111;Quillan;1;13;2;2
11112;Cuxac-d'Aude;1;14;1;1
11113;Saint-Nazaire-d'Aude;1;14;2;2
11114;Espéraza;1;14;2;5
11201;Gruissan;2;21;1;1
11202;Sigean;2;21;1;1
11203;Port-la-Nouvelle;2;21;1;1
11204;Trèbes;2;21;1;1
11205;Coursan;2;21;1;1
11206;Villemoustaussou;2;21;2;2
11207;Fleury;2;22;2;2
11301;Lézignan-Corbières;3;31;1;1
11302;Limoux;3;31;2;5
11303;Castelnaudary;3;31;2;2
11401;Carcassonne;4;44;2;2
11501;Narbonne;5;51;1;1
12000;Communes hors unité urbaine du département 12;0;00;0;260
12101;Laissac-Sévérac l'Église;1;11;1;1
12102;Valady;1;12;2;2
12103;Baraqueville;1;13;1;1
12104;Sébazac-Concourès;1;13;1;1
12105;Sévérac d'Aveyron;1;14;1;1
12106;Capdenac-Gare;1;14;1;1
12201;Espalion;2;21;2;2
12202;Saint-Affrique;2;22;2;2
12301;Villefranche-de-Rouergue;3;31;2;2
12302;Decazeville;3;31;2;5
12401;Millau;4;41;2;2
12402;Rodez;4;44;2;5
13000;Communes hors unité urbaine du département 13;0;00;0;13
13101;Saintes-Maries-de-la-Mer;1;11;1;1
13102;Orgon;1;12;1;1
13103;Mouriès;1;13;1;1
13104;Fontvieille;1;13;1;1
13105;Coudoux;1;13;1;1
13106;Meyrargues;1;13;1;1
13107;Maussane-les-Alpilles;1;14;2;2
13108;Rognes;1;14;1;1
13201;Cuges-les-Pins;2;21;1;1
13202;Le Rove;2;21;1;1
13203;La Roque-d'Anthéron;2;21;1;1
13204;Ensuès-la-Redonne;2;21;1;1
13205;Saint-Cannat;2;21;1;1
13206;Le Puy-Sainte-Réparade;2;21;1;1
13207;Carnoux-en-Provence;2;21;1;1
13208;Sénas;2;21;1;1
13209;Eyguières;2;22;1;1
13210;Port-Saint-Louis-du-Rhône;2;22;1;1
13211;La Fare-les-Oliviers;2;22;1;1
13212;Lançon-Provence;2;22;1;1
13213;Peyrolles-en-Provence;2;22;2;2
13214;Lambesc;2;22;1;1
13301;Cassis;3;31;2;2
13302;Saint-Rémy-de-Provence;3;31;2;3
13303;Mallemort;3;31;2;4
13304;Saint-Martin-de-Crau;3;31;1;1
13305;Sausset-les-Pins-Carry-le-Rouet;3;31;2;2
13501;Salon-de-Provence;5;51;2;4
14000;Communes hors unité urbaine du département 14;0;00;0;400
14101;Potigny;1;11;1;1
14102;Mathieu;1;11;1;1
14103;Cairon;1;12;2;2
14104;Dozulé;1;12;2;3
14105;Louvigny;1;12;1;1
14106;Orbec;1;13;2;2
14107;Le Molay-Littry;1;13;2;2
14108;Évrecy;1;13;2;2
14109;Colleville-Montgomery;1;13;2;2
14110;Thury-Harcourt-le-Hom;1;13;1;1
14111;Villers-Bocage;1;13;2;2
14112;Troarn;1;13;2;2
14113;Frénouville;1;13;2;2
14114;Ranville;1;13;2;3
14115;Courseulles-sur-Mer;1;14;1;1
14116;Les Monts d'Aunay;1;14;1;1
14201;Douvres-la-Délivrande-Luc-sur-Mer;2;21;1;1
14202;Pont-l'Évêque;2;21;2;2
14203;Hermanville-sur-Mer;2;21;2;2
14204;Thue et Mue;2;21;1;1
14205;Livarot-Pays-d'Auge;2;21;1;1
14206;Saint-Martin-de-May;2;21;2;2
14207;Saint-Pierre-en-Auge;2;22;1;1
14208;Blainville-sur-Orne;2;22;2;2
14209;Falaise;2;22;1;1
14210;Argences;2;22;2;4
14211;Ouistreham;2;22;1;1
14212;Luc-sur-Mer;2;22;2;4
14213;Mézidon Vallée d'Auge;2;22;1;1
14301;Vire Normandie;3;32;1;1
14302;Bayeux;3;32;2;6
14401;Lisieux;4;43;2;11
14402;Dives-sur-Mer;4;43;2;24
14701;Caen;7;71;2;24
15000;Communes hors unité urbaine du département 15;0;00;0;240
15101;Riom-ès-Montagnes;1;12;1;1
15102;Ydes;1;12;2;2
15103;Maurs;1;12;2;2
15104;Mauriac;1;13;1;1
15201;Saint-Flour;2;21;1;1
15401;Aurillac;4;43;2;3
16000;Communes hors unité urbaine du département 16;0;00;0;324
16101;Mansle-les-Fontaines;1;12;2;2
16102;Confolens;1;12;1;1
16103;Chasseneuil-sur-Bonnieure;1;13;1;1
16104;Châteauneuf-sur-Charente;1;13;1;1
16105;Ruffec;1;13;2;2
16106;La Rochefoucauld-en-Angoumois;1;13;1;1
16107;Barbezieux-Saint-Hilaire;1;14;1;1
16108;Jarnac;1;14;2;2
16401;Cognac;4;42;2;6
16601;Angoulême;6;61;2;18
17000;Communes hors unité urbaine du département 17;0;00;0;381
17101;Saint-Denis-d'Oléron;1;11;2;2
17102;Esnandes;1;11;1;1
17103;Saint-Laurent-de-la-Prée;1;11;1;1
17104;Matha;1;11;1;1
17105;Saint-Rogatien;1;11;1;1
17106;Villedoux;1;11;1;1
17107;Le Bois-Plage-en-Ré;1;11;1;1
17108;Rivedoux-Plage;1;11;1;1
17109;Saint-Trojan-les-Bains;1;11;2;2
17110;La Jarne;1;11;1;1
17111;Saint-Agnant;1;12;1;1
17112;Médis;1;12;1;1
17113;Breuillet;1;12;1;1
17114;Port-des-Barques;1;12;2;2
17115;Soubise;1;12;1;1
17116;Marsilly;1;13;1;1
17117;Dolus-d'Oléron;1;13;1;1
17118;La Jarrie;1;13;1;1
17119;Sainte-Marie-de-Ré;1;13;1;1
17120;Montendre;1;13;2;2
17121;Saint-Georges-d'Oléron;1;13;1;1
17122;Fouras;1;14;1;1
17123;Aigrefeuille-d'Aunis;1;14;1;1
17124;Pons;1;14;1;1
17125;Le Château-d'Oléron;1;14;1;1
17126;Ars-en-Ré;1;14;2;5
17127;Marans;1;14;1;1
17128;Sainte-Soulle;1;14;1;1
17129;Saint-Xandre;1;14;1;1
17130;La Flotte;1;14;2;2
17201;Jonzac;2;21;2;3
17202;Saint-Pierre-d'Oléron;2;21;1;1
17203;Surgères;2;21;1;1
17204;Saujon;2;22;1;1
17205;Saint-Jean-d'Angély;2;22;2;3
17206;Marennes-Hiers-Brouage;2;22;2;2
17301;La Tremblade;3;31;2;4
17401;Saintes;4;43;2;4
17402;Rochefort;4;43;2;5
17403;Royan;4;43;2;7
17601;La Rochelle;6;61;2;11
18000;Communes hors unité urbaine du département 18;0;00;0;260
18101;Sancerre;1;12;2;2
18102;Léré;1;12;2;3
18103;Sancoins;1;13;1;1
18104;La Guerche-sur-l'Aubois;1;13;1;1
18105;Avord;1;13;2;2
18106;Dun-sur-Auron;1;13;1;1
18107;Trouy;1;13;1;1
18201;Aubigny-sur-Nère;2;21;1;1
18202;Saint-Florent-sur-Cher;2;21;1;1
18203;Mehun-sur-Yèvre;2;21;1;1
18301;Saint-Amand-Montrond;3;31;2;3
18401;Vierzon;4;42;2;3
18501;Bourges;5;52;2;6
19000;Communes hors unité urbaine du département 19;0;00;0;247
19101;Donzenac;1;12;1;1
19102;Bort-les-Orgues;1;12;1;1
19103;Uzerche;1;12;1;1
19104;Argentat-sur-Dordogne;1;13;1;1
19105;Égletons;1;14;1;1
19106;Objat;1;14;2;3
19201;Allassac;2;21;2;2
19202;Ussel;2;22;1;1
19401;Tulle;4;41;2;6
21000;Communes hors unité urbaine du département 21;0;00;0;652
21101;Brazey-en-Plaine;1;11;1;1
21102;Selongey;1;11;1;1
21103;Saulieu;1;11;1;1
21104;Arc-sur-Tille;1;12;1;1
21105;Seurre;1;12;2;3
21106;Saint-Jean-de-Losne;1;13;2;3
21107;Venarey-les-Laumes;1;13;2;2
21108;Semur-en-Auxois;1;14;1;1
21109;Saint-Julien;1;14;2;4
21110;Gevrey-Chambertin;1;14;2;3
21201;Genlis;2;21;1;1
21202;Châtillon-sur-Seine;2;21;1;1
21203;Montbard;2;21;2;2
21204;Nuits-Saint-Georges;2;21;2;2
21205;Is-sur-Tille;2;21;2;2
21206;Auxonne;2;22;1;1
21401;Beaune;4;41;1;1
21701;Dijon;7;71;2;15
22000;Communes hors unité urbaine du département 22;0;00;0;256
22101;Quintin;1;12;1;1
22102;Broons;1;12;1;1
22103;Merdrignac;1;13;1;1
22104;Rostrenen;1;13;1;1
22105;Plouézec;1;13;1;1
22106;Saint-Cast-le-Guildo;1;13;1;1
22107;Plouaret;1;13;2;2
22108;Plouër-sur-Rance;1;13;1;1
22109;Trébeurden;1;13;1;1
22110;Plémet;1;13;1;1
22111;Lanvollon;1;13;2;3
22112;La Roche-Jaudy;1;13;2;2
22113;Pommeret;1;13;2;2
22114;Châtelaudren-Plouagat;1;13;1;1
22115;Erquy;1;13;1;1
22116;Plœuc-L'Hermitage;1;14;1;1
22117;Pléneuf-Val-André;1;14;1;1
22118;Plouha;1;14;1;1
22119;Bégard;1;14;1;1
22201;Plancoët;2;21;2;2
22202;Plaintel;2;21;2;2
22203;Tréguier;2;21;2;4
22204;Plédran;2;21;1;1
22205;Pordic;2;22;1;1
22206;Loudéac;2;22;1;1
22301;Binic-Étables-sur-Mer;3;31;2;4
22302;Lamballe-Armor;3;32;2;2
22303;Paimpol;3;32;2;8
22401;Guingamp;4;41;2;6
22402;Dinan;4;42;2;7
22403;Lannion;4;44;2;11
22501;Saint-Brieuc;5;52;2;9
23000;Communes hors unité urbaine du département 23;0;00;0;250
23101;Bourganeuf;1;12;1;1
23102;Aubusson;1;13;1;1
23201;La Souterraine;2;21;1;1
23301;Guéret;3;31;2;2
24000;Communes hors unité urbaine du département 24;0;00;0;435
24101;Excideuil;1;11;2;4
24102;Montcaret;1;12;2;2
24103;Le Bugue;1;12;1;1
24104;Eymet;1;12;1;1
24105;Montignac-Lascaux;1;12;1;1
24106;Le Lardin-Saint-Lazare;1;13;2;3
24107;Neuvic;1;13;1;1
24108;Razac-sur-l'Isle;1;13;2;2
24109;Nontron;1;13;2;2
24110;Thiviers;1;13;2;2
24111;Ribérac;1;14;2;2
24112;Lalinde;1;14;2;5
24201;Saint-Astier;2;21;2;2
24202;Mussidan;2;22;2;6
24203;Sarlat-la-Canéda;2;22;1;1
24501;Périgueux;5;51;2;7
25000;Communes hors unité urbaine du département 25;0;00;0;486
25101;Colombier-Fontaine;1;11;2;2
25102;Val-d'Usiers;1;11;1;1
25103;Arcey;1;11;2;2
25104;Le Russey;1;11;1;1
25105;Montferrand-le-Château;1;12;2;2
25106;Les Auxons;1;12;1;1
25107;Charquemont;1;12;1;1
25108;L'Isle-sur-le-Doubs;1;13;2;2
25109;Saône;1;13;2;2
25110;Ornans;1;14;1;1
25111;Roche-lez-Beaupré;1;14;2;3
25112;Maîche;1;14;2;2
25113;Saint-Vit;1;14;1;1
25114;Villers-le-Lac;1;14;1;1
25201;Baume-les-Dames;2;21;1;1
25202;Valdahon;2;21;1;1
25203;Pont-de-Roide-Vermondans;2;21;2;3
25204;Pouilley-les-Vignes;2;21;2;5
25301;Morteau;3;31;2;2
25401;Pontarlier;4;41;2;4
25601;Besançon;6;61;2;13
26000;Communes hors unité urbaine du département 26;0;00;0;302
26101;Suze-la-Rousse;1;11;1;1
26102;Buis-les-Baronnies;1;11;1;1
26103;Allex;1;12;1;1
26104;Saint-Jean-en-Royans;1;13;2;2
26105;Anneyron;1;13;1;1
26106;Dieulefit;1;14;2;2
26107;Montélier;1;14;1;1
26108;Saint-Donat-sur-l'Herbasse;1;14;1;1
26109;Die;1;14;1;1
26110;Châteauneuf-du-Rhône;1;14;2;2
26201;Donzère;2;21;1;1
26202;Nyons;2;21;1;1
26203;Chabeuil;2;21;1;1
26204;Beaumont-lès-Valence;2;22;2;4
26301;Saint-Paul-Trois-Châteaux;3;31;2;2
26302;Pierrelatte;3;31;1;1
26303;Crest;3;31;2;5
26304;Livron-sur-Drôme;3;32;2;3
26501;Romans-sur-Isère;5;51;2;6
27000;Communes hors unité urbaine du département 27;0;00;0;487
27101;La Couture-Boussey;1;11;1;1
27102;La Bonneville-sur-Iton;1;12;2;2
27103;Rugles;1;12;2;2
27104;Routot;1;13;2;3
27105;La Saussaye;1;13;2;2
27106;La Haye-Malherbe;1;13;2;3
27107;Le Thuit de l'Oison;1;13;1;1
27108;Gasny;1;13;2;2
27109;Étrépagny;1;13;1;1
27110;Pîtres;1;13;2;2
27111;Bourg-Achard;1;13;1;1
27112;Saint-André-de-l'Eure;1;13;1;1
27113;Breteuil;1;14;1;1
27114;Fleury-sur-Andelle;1;14;2;3
27115;Le Neubourg;1;14;2;2
27116;Romilly-sur-Andelle;1;14;2;3
27117;Brionne;1;14;2;2
27201;Pont-de-l'Arche;2;21;2;2
27202;Beaumont-le-Roger;2;21;2;4
27203;Mesnils-sur-Iton;2;21;1;1
27204;Conches-en-Ouche;2;21;2;4
27205;Pacy-sur-Eure;2;22;2;4
27206;Verneuil d'Avre et d'Iton;2;22;1;1
27207;Les Andelys;2;22;2;2
27301;Bernay;3;31;2;2
27302;Pont-Audemer;3;32;2;6
27303;Gaillon;3;32;2;5
27401;Vernon;4;43;2;3
27402;Louviers;4;43;2;7
27501;Évreux;5;51;2;4
28000;Communes hors unité urbaine du département 28;0;00;0;305
28101;Abondant;1;11;1;1
28102;Toury;1;12;1;1
28103;Châteauneuf-en-Thymerais;1;12;1;1
28104;Saint-Georges-sur-Eure;1;12;1;1
28105;Courville-sur-Eure;1;12;1;1
28106;Senonches;1;13;1;1
28107;Illiers-Combray;1;13;1;1
28108;La Loupe;1;13;2;2
28109;Les Villages Vovéens;1;13;1;1
28110;Jouy;1;13;2;2
28201;Brou;2;21;2;2
28202;Bonneval;2;21;1;1
28203;Cloyes-les-Trois-Rivières;2;21;1;1
28204;Gallardon;2;21;2;3
28205;Auneau-Bleury-Saint-Symphorien;2;21;1;1
28206;Maintenon;2;22;2;2
28207;Nogent-le-Roi;2;22;2;5
28208;Nogent-le-Rotrou;2;22;1;1
28301;Châteaudun;3;32;2;4
28401;Dreux;4;44;2;6
28501;Chartres;5;52;2;9
29000;Communes hors unité urbaine du département 29;0;00;0;166
29101;Saint-Pabu;1;11;1;1
29102;Lampaul-Plouarzel;1;11;1;1
29103;Kerlouan;1;11;1;1
29104;Hôpital-Camfrout;1;11;1;1
29105;Plonéis;1;11;1;1
29106;Camaret-sur-Mer;1;12;1;1
29107;Névez;1;12;1;1
29108;Le Conquet;1;12;1;1
29109;Pont-Aven;1;12;1;1
29110;Plouvorn;1;12;1;1
29111;Plozévet;1;12;1;1
29112;Saint-Thégonnec Loc-Eguiner;1;13;1;1
29113;Pleyber-Christ;1;13;1;1
29114;Lanmeur;1;13;2;2
29115;Saint-Thonan;1;13;2;2
29116;Plougasnou;1;13;2;2
29117;Plouescat;1;13;1;1
29118;Saint-Évarzec;1;13;1;1
29119;Bourg-Blanc;1;13;1;1
29120;Landéda;1;13;1;1
29121;Pleyben;1;13;1;1
29122;Châteauneuf-du-Faou;1;13;1;1
29123;Loperhet;1;13;1;1
29124;Plouvien;1;13;1;1
29125;Cléder;1;13;1;1
29126;Pont-de-Buis-lès-Quimerch;1;13;1;1
29127;Plomelin;1;14;1;1
29128;Plougonvelin;1;14;1;1
29129;Riec-sur-Bélon;1;14;1;1
29130;Milizac-Guipronvel;1;14;1;1
29131;Carantec;1;14;2;2
29201;Locmaria-Plouzané;2;21;1;1
29202;Plouigneau;2;21;1;1
29203;Porspoder;2;21;2;4
29204;Scaër;2;21;1;1
29205;Châteaulin;2;21;2;2
29206;Bannalec;2;21;1;1
29207;Plonéour-Lanvern;2;21;1;1
29208;Ploudalmézeau;2;21;1;1
29209;Crozon;2;22;1;1
29210;Plouhinec-Audierne;2;22;2;2
29211;Rosporden;2;22;1;1
29212;Briec;2;22;2;2
29213;Guilers;2;22;1;1
29214;Saint-Renan;2;22;1;1
29215;Plabennec;2;22;1;1
29301;Moëlan-sur-Mer;3;31;2;2
29302;Landivisiau;3;31;2;2
29303;Plouguerneau-Lannilis;3;31;2;2
29304;Saint-Pol-de-Léon;3;31;2;3
29305;Lesneven;3;31;2;4
29306;Douarnenez;3;31;1;1
29307;Quimperlé;3;31;2;2
29308;Pont-l'Abbé;3;31;2;4
29309;Landerneau;3;32;2;3
29401;Penmarch;4;41;2;7
29402;Fouesnant;4;41;2;6
29403;Morlaix;4;42;2;4
29404;Concarneau;4;42;2;2
29501;Quimper;5;52;2;3
29701;Brest;7;71;2;7
2A000;Communes hors unité urbaine du département 2A;0;00;0;110
2A101;Bonifacio;1;13;1;1
2A102;Grosseto-Prugna;1;13;1;1
2A103;Sartène;1;13;1;1
2A104;Albitreccia;1;13;2;2
2A105;Bastelicaccia;1;13;1;1
2A106;Propriano;1;14;2;2
2A301;Porto-Vecchio;3;31;1;1
2A501;Ajaccio;5;52;2;5
2B000;Communes hors unité urbaine du département 2B;0;00;0;210
2B101;Prunelli-di-Fiumorbo;1;13;1;1
2B102;Ghisonaccia;1;14;1;1
2B103;L'Île-Rousse;1;14;2;2
2B201;Calvi;2;21;1;1
2B202;Corte;2;22;1;1
2B203;Penta-di-Casinca;2;22;2;7
2B401;Borgo;4;41;2;6
2B501;Bastia;5;51;2;7
30000;Communes hors unité urbaine du département 30;0;00;0;228
30101;Saint-Victor-la-Coste;1;11;1;1
30102;Fons;1;11;2;2
30103;La Calmette;1;11;1;1
30104;Aubord;1;11;1;1
30105;Le Cailar;1;11;1;1
30106;Saint-Jean-du-Gard;1;11;1;1
30107;Connaux;1;12;2;2
30108;Saint-Quentin-la-Poterie;1;13;2;2
30109;Saint-Laurent-d'Aigouze;1;13;1;1
30110;Quissac;1;13;2;2
30111;Saint-Geniès-de-Malgoirès;1;13;2;2
30112;Jonquières-Saint-Vincent;1;13;1;1
30113;Poulx;1;13;1;1
30114;Saint-Hippolyte-du-Fort;1;13;1;1
30115;Générac;1;14;1;1
30116;Aramon;1;14;1;1
30117;Clarensac;1;14;1;1
30118;Bessèges;1;14;2;3
30119;Beauvoisin;1;14;1;1
30120;Garons;1;14;1;1
30121;Langlade;1;14;2;3
30201;Saint-Laurent-des-Arbres;2;21;2;2
30202;Roquemaure;2;21;1;1
30203;Aimargues;2;21;1;1
30204;Calvisson;2;21;1;1
30205;Bezouce;2;21;2;3
30206;Pujaut;2;21;2;2
30207;Bouillargues;2;21;1;1
30208;Le Vigan;2;22;2;6
30209;Bellegarde;2;22;1;1
30210;Rochefort-du-Gard;2;22;1;1
30211;Sommières;2;22;2;3
30212;Aigues-Mortes;2;22;1;1
30213;Vergèze;2;22;2;3
30214;La Grand-Combe;2;22;2;4
30301;Manduel;3;31;2;2
30302;Vauvert;3;31;1;1
30303;Uzès;3;31;2;4
30304;Montfrin;3;31;2;6
30305;Saint-Gilles;3;31;1;1
30306;Pont-Saint-Esprit;3;31;2;4
30401;Bagnols-sur-Cèze;4;42;2;5
30501;Alès;5;52;2;22
30601;Nîmes;6;62;2;9
31000;Communes hors unité urbaine du département 31;0;00;0;440
31101;Le Fauga;1;11;1;1
31102;Lévignac;1;11;1;1
31103;Boussens;1;11;2;3
31104;Saint-Sulpice-sur-Lèze;1;11;1;1
31105;Montgiscard;1;11;1;1
31106;Caraman;1;12;1;1
31107;Labastidette;1;12;1;1
31108;Rieux;1;12;1;1
31109;Martres-Tolosane;1;12;2;2
31110;Ayguesvives;1;12;1;1
31111;Salies-du-Salat;1;12;2;2
31112;Buzet-sur-Tarn;1;12;1;1
31113;Bérat;1;13;1;1
31114;Montesquieu-Volvestre;1;13;1;1
31115;Lavernose-Lacasse;1;13;1;1
31116;Lauzerville;1;13;2;2
31117;Baziège;1;13;1;1
31118;Rieumes;1;13;1;1
31119;Verfeil;1;13;1;1
31120;Lherm;1;13;1;1
31121;Nailloux;1;13;1;1
31122;Bagnères-de-Luchon;1;13;2;6
31123;Bessières;1;14;1;1
31201;Villefranche-de-Lauragais;2;21;2;2
31202;Montastruc-la-Conseillère;2;21;2;2
31203;Merville;2;21;1;1
31204;Villemur-sur-Tarn;2;21;1;1
31205;Fronton;2;21;1;1
31206;Cazères;2;21;2;3
31207;Longages;2;21;2;3
31208;Carbonne;2;21;2;2
31209;Grenade;2;22;1;1
31210;Venerque;2;22;2;4
31211;Saint-Lys;2;22;1;1
31212;Revel;2;22;1;1
31213;Auterive;2;22;1;1
31301;Saint-Gaudens;3;32;2;7
32000;Communes hors unité urbaine du département 32;0;00;0;443
32101;Samatan;1;11;1;1
32102;Gimont;1;13;1;1
32103;Lectoure;1;13;1;1
32104;Vic-Fezensac;1;13;2;2
32105;Eauze;1;13;1;1
32106;Mirande;1;13;2;2
32201;Fleurance;2;21;1;1
32202;Condom;2;21;1;1
32203;L'Isle-Jourdain;2;22;1;1
32401;Auch;4;42;2;3
33000;Communes hors unité urbaine du département 33;0;00;0;321
33101;Cérons;1;11;1;1
33102;Preignac;1;11;1;1
33103;Saint-Louis-de-Montferrand;1;11;1;1
33104;Cussac-Fort-Médoc;1;11;1;1
33105;Branne;1;11;2;3
33106;Saint-Vivien-de-Médoc;1;12;2;2
33107;Sainte-Hélène;1;12;1;1
33108;Baron;1;12;2;3
33109;Soulac-sur-Mer;1;12;1;1
33110;Avensan;1;12;1;1
33111;Saint-Ciers-sur-Gironde;1;13;1;1
33112;Galgon;1;13;1;1
33113;Saucats;1;13;1;1
33114;Ambès;1;13;1;1
33115;Le Porge;1;13;1;1
33116;Hourtin;1;13;1;1
33117;Arsac;1;13;1;1
33118;Macau;1;14;1;1
33119;La Brède;1;14;1;1
33120;Soussans;1;14;2;2
33121;Saint-Laurent-Médoc;1;14;1;1
33122;Créon;1;14;1;1
33123;Marcheprime;1;14;1;1
33124;Ludon-Médoc;1;14;1;1
33125;Castelnau-de-Médoc;1;14;1;1
33126;Pauillac;1;14;1;1
33127;Lacanau;1;14;1;1
33201;Bazas;2;21;2;2
33202;Cadillac-sur-Garonne;2;21;2;4
33203;Bourg;2;21;2;7
33204;Le Barp;2;21;1;1
33205;Belin-Béliet;2;21;1;1
33206;Podensac;2;21;2;3
33207;Saint-Savin-Saint-Yzan-de-Soudiac;2;21;2;2
33208;Saint-Seurin-sur-l'Isle;2;21;2;3
33209;La Lande-de-Fronsac;2;21;2;6
33210;Arès;2;21;1;1
33211;La Réole;2;21;2;5
33212;Salles;2;22;1;1
33213;Lesparre-Médoc;2;22;2;2
33214;Lège-Cap-Ferret;2;22;1;1
33215;Portets;2;22;2;5
33216;Saint-Macaire;2;22;2;8
33217;Mios;2;22;1;1
33301;Cézac;3;31;2;6
33302;Blaye;3;31;2;9
33303;Coutras;3;31;2;3
33304;Langon;3;31;2;6
33305;Andernos-les-Bains;3;32;2;2
33306;Biganos;3;32;2;2
33401;Libourne;4;43;2;10
33501;La Teste-de-Buch-Arcachon;5;51;2;4
33701;Bordeaux;7;73;2;73
34000;Communes hors unité urbaine du département 34;0;00;0;200
34101;Les Matelles;1;11;1;1
34102;Le Pouget;1;11;1;1
34103;Valergues;1;11;1;1
34104;Maureilhan;1;11;1;1
34105;Bassan;1;11;1;1
34106;Roujan;1;11;1;1
34107;Loupian;1;11;1;1
34108;Saint-Bauzille-de-Putois;1;11;2;2
34109;Saint-Pargoire;1;11;1;1
34110;Cessenon-sur-Orb;1;11;1;1
34111;Pomérols;1;11;1;1
34112;Olargues;1;11;2;6
34113;Colombiers;1;11;1;1
34114;Saint-Drézéry;1;12;1;1
34115;Vailhauquès;1;12;1;1
34116;Caux;1;12;1;1
34117;Cers;1;12;1;1
34118;Mudaison;1;12;1;1
34119;Saint-Martin-de-Londres;1;12;1;1
34120;Montblanc;1;12;1;1
34121;Puisserguier;1;12;1;1
34122;Aniane;1;12;1;1
34123;Thézan-lès-Béziers;1;12;1;1
34124;Murviel-lès-Béziers;1;13;1;1
34125;Lansargues;1;13;1;1
34126;Portiragnes;1;13;1;1
34127;Capestang;1;13;1;1
34128;Lespignan;1;13;1;1
34129;Saint-Aunès;1;13;1;1
34130;Canet;1;13;1;1
34131;Montarnaud;1;13;1;1
34132;Villeveyrac;1;13;1;1
34133;Beaulieu;1;13;2;2
34134;Montady;1;13;1;1
34135;Paulhan;1;13;1;1
34136;Nissan-lez-Enserune;1;13;1;1
34137;Montagnac;1;14;1;1
34138;Sussargues;1;14;2;2
34139;Magalas;1;14;2;2
34140;Saint-Mathieu-de-Tréviers;1;14;1;1
34141;Servian;1;14;1;1
34142;Cazouls-lès-Béziers;1;14;1;1
34201;Florensac;2;21;1;1
34202;Saint-Georges-d'Orques;2;21;1;1
34203;Vias;2;21;1;1
34204;Saint-André-de-Sangonis;2;21;1;1
34205;Palavas-les-Flots;2;21;1;1
34206;Castries;2;21;1;1
34207;Gignac;2;21;1;1
34208;Mireval;2;21;2;2
34209;Pignan;2;22;1;1
34210;Bessan;2;22;2;2
34211;Marseillan;2;22;1;1
34212;Ganges;2;22;2;4
34213;Pézenas;2;22;1;1
34214;Cournonterral;2;22;2;2
34215;Lodève;2;22;2;8
34301;Clermont-l'Hérault;3;31;2;3
34302;Baillargues;3;31;2;2
34303;Mèze;3;31;1;1
34304;Bédarieux;3;31;2;9
34305;Sérignan;3;32;2;3
34306;Mauguio;3;32;1;1
34401;Agde;4;42;1;1
34501;Sète;5;52;2;7
34502;Béziers;5;52;2;5
34701;Montpellier;7;72;2;22
35000;Communes hors unité urbaine du département 35;0;00;0;238
35101;Chevaigné;1;11;1;1
35102;Montreuil-sur-Ille;1;11;1;1
35103;La Fresnais;1;12;1;1
35104;Saint-Jouan-des-Guérets;1;12;1;1
35105;Plerguer;1;12;1;1
35106;Crevin;1;12;1;1
35107;Saint-Erblon;1;13;1;1
35108;Nouvoitou;1;13;1;1
35109;Bourg-des-Comptes;1;13;1;1
35110;Corps-Nuds;1;13;1;1
35111;Louvigné-du-Désert;1;13;1;1
35112;Breteil;1;13;1;1
35113;Tinténiac;1;13;1;1
35114;Servon-sur-Vilaine;1;13;1;1
35115;Pipriac;1;13;1;1
35116;Saint-Aubin-d'Aubigné;1;13;1;1
35117;Saint-Aubin-du-Cormier;1;13;1;1
35118;Romillé;1;13;1;1
35119;Romagné;1;13;2;2
35120;Miniac-Morvan;1;13;1;1
35121;Plélan-le-Grand;1;13;1;1
35122;Chavagne;1;14;1;1
35123;Saint-Méloir-des-Ondes;1;14;1;1
35124;Bourgbarré;1;14;1;1
35125;Goven;1;14;1;1
35126;Argentré-du-Plessis;1;14;1;1
35127;La Bouëxière;1;14;1;1
35128;Iffendic;1;14;1;1
35129;Orgères;1;14;1;1
35130;Maen Roch;1;14;1;1
35131;La Mézière;1;14;1;1
35132;Saint-Gilles;1;14;1;1
35201;Laillé;2;21;1;1
35202;Cancale;2;21;1;1
35203;Gévezé;2;21;1;1
35204;La Guerche-de-Bretagne;2;21;2;2
35205;Dol-de-Bretagne;2;21;1;1
35206;Saint-Méen-le-Grand;2;21;2;2
35207;Montauban-de-Bretagne;2;21;1;1
35208;Combourg;2;21;1;1
35209;Noyal-sur-Vilaine;2;21;1;1
35210;Retiers;2;21;2;2
35211;Bréal-sous-Montfort;2;21;1;1
35212;Montfort-sur-Meu;2;21;1;1
35213;Acigné;2;21;1;1
35214;Guipry-Messac;2;21;1;1
35215;Bain-de-Bretagne;2;22;1;1
35216;Mordelles;2;22;1;1
35217;Liffré;2;22;1;1
35218;Bédée;2;22;2;2
35219;Vern-sur-Seiche;2;22;1;1
35220;Janzé;2;22;1;1
35221;Guichen;2;22;1;1
35222;Châteaubourg;2;22;2;2
35301;Châteaugiron;3;31;2;2
35302;Le Rheu;3;32;2;3
35303;Vitré;3;32;1;1
35401;Fougères;4;42;2;4
35402;Saint-Malo;4;44;1;1
35701;Rennes;7;72;2;16
36000;Communes hors unité urbaine du département 36;0;00;0;216
36101;Valençay;1;11;1;1
36102;Châtillon-sur-Indre;1;12;1;1
36103;Vatan;1;12;2;3
36104;Villedieu-sur-Indre;1;12;1;1
36105;Saint-Gaultier;1;12;2;2
36106;Chabris;1;12;1;1
36107;Levroux;1;12;1;1
36108;Ardentes;1;13;1;1
36109;Buzançais;1;14;1;1
36201;Le Blanc;2;21;1;1
36202;La Châtre;2;22;2;4
36203;Argenton-sur-Creuse;2;22;2;3
36301;Issoudun;3;31;1;1
36501;Châteauroux;5;51;2;4
37000;Communes hors unité urbaine du département 37;0;00;0;196
37101;Richelieu;1;11;2;2
37102;Saint-Paterne-Racan;1;12;2;2
37103;Chanceaux-sur-Choisille;1;13;1;1
37104;Truyes;1;14;2;2
37105;Sainte-Maure-de-Touraine;1;14;1;1
37106;Monnaie;1;14;1;1
37107;Beaumont-en-Véron;1;14;2;2
37108;Langeais;1;14;1;1
37201;Cinq-Mars-la-Pile;2;21;2;2
37202;Azay-le-Rideau;2;21;2;2
37203;Esvres;2;21;1;1
37204;Bourgueil;2;21;2;3
37205;Château-Renault;2;22;2;2
37206;Véretz;2;22;2;2
37301;Chinon;3;31;2;3
37302;Loches;3;31;2;4
37303;Monts;3;31;2;4
37701;Tours;7;72;2;38
38000;Communes hors unité urbaine du département 38;0;00;0;312
38101;Frontonas;1;11;1;1
38102;Izeaux;1;11;1;1
38103;Saint-Paul-de-Varces;1;11;1;1
38104;Faramans;1;11;2;3
38105;Saint-Georges-de-Commiers;1;11;1;1
38106;Goncelin;1;11;1;1
38107;Auberives-sur-Varèze;1;12;2;2
38108;Le Cheylas;1;12;1;1
38109;Lans-en-Vercors;1;12;1;1
38110;Diémoz;1;12;1;1
38111;Saint-Siméon-de-Bressieux;1;12;1;1
38112;Theys;1;12;2;2
38113;Chapareillan;1;13;1;1
38114;Sonnay;1;13;2;3
38115;Le Bourg-d'Oisans;1;13;1;1
38116;Saint-Romain-de-Jalionas;1;13;1;1
38117;Saint-Georges-d'Espéranche;1;13;1;1
38118;Estrablin;1;13;1;1
38119;Saint-André-le-Gaz;1;13;2;2
38120;Saint-Étienne-de-Saint-Geoirs;1;13;2;2
38121;Brié-et-Angonnes;1;13;2;2
38122;Saint-Savin;1;14;1;1
38123;Villard-de-Lans;1;14;1;1
38124;Saint-Laurent-du-Pont;1;14;1;1
38125;Saint-Jean-de-Bournay;1;14;1;1
38126;La Terrasse;1;14;2;2
38127;Heyrieux;1;14;1;1
38128;Villette-d'Anthon;1;14;1;1
38201;Crémieu;2;21;2;2
38202;Montalieu-Vercieu;2;21;2;2
38203;Le Touvet;2;21;2;3
38204;Saint-Just-Chaleyssin;2;21;2;2
38205;La Côte-Saint-André;2;21;2;2
38206;Beaurepaire;2;21;2;2
38207;La Mure;2;21;2;3
38208;Les Avenières Veyrins-Thuellin;2;22;1;1
38209;Tullins;2;22;2;2
38301;Apprieu-Le Grand-Lemps;3;31;2;5
38302;Vif;3;31;2;2
38303;Les Abrets en Dauphiné;3;31;2;4
38304;Crolles;3;31;2;2
38401;Vizille;4;41;2;7
38402;Saint-Marcellin;4;41;2;8
38403;Charvieu-Chavagneux;4;42;2;4
38404;Villefontaine;4;43;2;6
38405;La Tour-du-Pin;4;43;2;15
38501;Bourgoin-Jallieu;5;51;2;9
38502;Voiron;5;51;2;15
38701;Grenoble;7;72;2;38
39000;Communes hors unité urbaine du département 39;0;00;0;446
39101;Moirans-en-Montagne;1;11;1;1
39102;Chaussin;1;11;2;2
39103;Fraisans;1;11;2;2
39104;Salins-les-Bains;1;12;2;2
39105;Saint-Amour;1;13;2;3
39106;Les Rousses;1;13;1;1
39107;Arbois;1;13;2;2
39108;Poligny;1;14;1;1
39109;Coteaux du Lizon;1;14;2;2
39201;Tavaux;2;22;2;3
39202;Hauts de Bienne;2;22;2;2
39203;Saint-Claude;2;22;2;2
39204;Champagnole;2;22;2;4
39401;Lons-le-Saunier;4;42;2;11
39402;Dole;4;43;2;8
40000;Communes hors unité urbaine du département 40;0;00;0;266
40101;Angresse;1;11;1;1
40102;Ychoux;1;11;1;1
40103;Villeneuve-de-Marsan;1;11;1;1
40104;Saint-Jean-de-Marsacq;1;11;2;2
40105;Saint-Geours-de-Maremne;1;12;1;1
40106;Labouheyre;1;12;1;1
40107;Pontonx-sur-l'Adour;1;12;1;1
40108;Rion-des-Landes;1;12;1;1
40109;Roquefort;1;13;2;2
40110;Grenade-sur-l'Adour;1;13;2;2
40111;Bénesse-Maremne;1;13;1;1
40112;Tartas;1;13;1;1
40113;Sanguinet;1;14;1;1
40114;Saint-Sever;1;14;1;1
40201;Morcenx-la-Nouvelle;2;21;1;1
40202;Ondres;2;21;1;1
40203;Hagetmau;2;21;2;2
40204;Pouillon;2;21;2;5
40205;Parentis-en-Born;2;21;1;1
40206;Labenne;2;21;1;1
40207;Mimizan;2;22;1;1
40208;Peyrehorade;2;22;2;6
40209;Soustons;2;22;1;1
40210;Saint-Martin-de-Seignanx;2;21;1;1
40301;Capbreton;3;31;2;2
40302;Biscarrosse;3;31;1;1
40303;Saint-Vincent-de-Tyrosse;3;32;2;4
40401;Mont-de-Marsan;4;43;2;2
40501;Dax;5;51;2;13
41000;Communes hors unité urbaine du département 41;0;00;0;221
41101;Nouan-le-Fuzelier;1;11;1;1
41102;Muides-sur-Loire;1;11;2;2
41103;Villefranche-sur-Cher;1;12;1;1
41104;Chailles;1;12;1;1
41105;Les Montils;1;12;2;2
41106;Cour-Cheverny;1;12;1;1
41107;Mont-près-Chambord;1;13;1;1
41108;Montoire-sur-le-Loir;1;14;2;2
41109;Saint-Laurent-Nouan;1;14;1;1
41110;Selles-sur-Cher;1;14;1;1
41111;Lamotte-Beuvron;1;14;1;1
41201;Salbris;2;21;1;1
41202;Mer;2;21;1;1
41203;Veuzain-sur-Loire;2;22;2;3
41204;Montrichard Val de Cher;2;22;2;5
41205;Saint-Aignan;2;22;2;4
41206;Le Controis-en-Sologne;2;22;2;2
41301;Romorantin-Lanthenay;3;32;1;1
41401;Vendôme;4;41;2;5
41501;Blois;5;51;2;7
42000;Communes hors unité urbaine du département 42;0;00;0;217
42101;Marcilly-le-Châtel;1;11;2;2
42102;Bourg-Argental;1;12;1;1
42103;Panissières;1;12;1;1
42104;Balbigny;1;12;1;1
42105;Saint-Héand;1;13;1;1
42106;Lentigny;1;13;2;3
42107;Saint-Marcellin-en-Forez;1;14;1;1
42201;Saint-Romain-le-Puy;2;21;2;2
42202;Boën-sur-Lignon;2;22;2;7
42203;Pélussin;2;22;2;6
42204;Montrond-les-Bains;2;22;2;3
42205;Charlieu;2;22;2;4
42206;Feurs;2;22;2;2
42401;Montbrison;4;41;2;6
42501;Saint-Just-Saint-Rambert;5;51;2;12
42502;Roanne;5;52;2;15
43000;Communes hors unité urbaine du département 43;0;00;0;225
43101;Dunières;1;12;1;1
43102;Tence;1;13;1;1
43103;Langeac;1;14;2;2
43104;Saint-Just-Malmont;1;14;1;1
43105;Saint-Didier-en-Velay;1;14;2;2
43201;Yssingeaux;2;22;1;1
43202;Brioude;2;22;2;3
43203;Sainte-Sigolène;2;22;2;2
43301;Monistrol-sur-Loire;3;31;2;2
43401;Le Puy-en-Velay;4;43;2;9
44000;Communes hors unité urbaine du département 44;0;00;0;104
44101;Boussay;1;12;1;1
44102;Sainte-Anne-sur-Brivet;1;12;1;1
44103;Paimbœuf;1;13;1;1
44104;Mauves-sur-Loire;1;13;1;1
44105;Le Pallet;1;13;1;1
44106;Prinquiau;1;13;1;1
44107;Derval;1;13;1;1
44108;Petit-Mars;1;13;1;1
44109;Le Bignon;1;13;1;1
44110;Saint-Gildas-des-Bois;1;13;1;1
44111;Aigrefeuille-sur-Maine;1;13;1;1
44112;Vieillevigne;1;13;1;1
44113;Nozay;1;14;1;1
44114;La Chapelle-des-Marais;1;14;1;1
44115;Legé;1;14;1;1
44116;Saint-Père-en-Retz;1;14;1;1
44117;La Haie-Fouassière;1;14;1;1
44118;Port-Saint-Père;1;14;2;2
44119;Saint-Lyphard;1;14;1;1
44120;Saint-Mars-du-Désert;1;14;1;1
44201;Le Pellerin;2;21;1;1
44202;Ligné;2;21;1;1
44203;Guémené-Penfao;2;21;1;1
44204;Missillac;2;21;1;1
44205;La Chevrolière;2;21;1;1
44206;Saint-Colomban;2;21;2;2
44207;Grandchamp-des-Fontaines;2;21;1;1
44208;Héric;2;21;1;1
44209;Vallons-de-l'Erdre;2;21;1;1
44210;La Turballe;2;21;2;2
44211;Chaumes-en-Retz;2;21;1;1
44212;Geneston;2;21;2;2
44213;Sainte-Pazanne;2;21;1;1
44214;Herbignac;2;21;1;1
44215;Divatte-sur-Loire;2;21;1;1
44216;Sucé-sur-Erdre;2;22;1;1
44217;Saint-Étienne-de-Montluc;2;22;1;1
44218;Machecoul-Saint-Même;2;22;1;1
44219;Loireauxence;2;22;1;1
44220;Vigneux-de-Bretagne;2;22;2;2
44221;Nort-sur-Erdre;2;22;1;1
44222;Saint-Philbert-de-Grand-Lieu;2;22;1;1
44223;Vallet;2;22;1;1
44224;Treillières;2;22;1;1
44225;Blain;2;22;1;1
44301;Pontchâteau;3;31;1;1
44302;Ancenis-Saint-Géréon;3;31;1;1
44303;Savenay;3;31;2;2
44304;Châteaubriant;3;31;1;1
44305;Saint-Julien-de-Concelles;3;32;2;2
44306;Pornic;3;32;2;3
44601;Saint-Nazaire;6;62;2;17
44701;Nantes;7;73;2;22
45000;Communes hors unité urbaine du département 45;0;00;0;247
45101;Patay;1;11;1;1
45102;Loury;1;11;1;1
45103;Chevilly;1;12;1;1
45104;Ouzouer-sur-Loire;1;12;1;1
45105;Lorris;1;12;1;1
45106;Châtillon-Coligny;1;12;2;2
45107;Bellegarde-Quiers-sur-Bezonde;1;13;2;3
45108;Lailly-en-Val;1;13;1;1
45109;Châtillon-sur-Loire;1;13;1;1
45110;Traînou;1;13;1;1
45111;Puiseaux;1;13;1;1
45112;Cléry-Saint-André;1;13;1;1
45113;Poilly-lez-Gien;1;13;2;2
45114;Sandillon;1;13;1;1
45115;Courtenay;1;14;1;1
45116;Neuville-aux-Bois;1;14;1;1
45201;Ferrières-en-Gâtinais;2;21;2;2
45202;Briare;2;21;2;2
45203;Fay-aux-Loges;2;21;2;2
45204;Chaingy;2;22;2;2
45205;La Ferté-Saint-Aubin;2;22;1;1
45206;Beaugency;2;22;2;2
45207;Pithiviers;2;22;2;2
45208;Meung-sur-Loire;2;22;2;3
45209;Jargeau;2;22;2;3
45210;Châteauneuf-sur-Loire;2;22;2;2
45301;Sully-sur-Loire;3;31;2;6
45302;Gien;3;32;2;2
45501;Montargis;5;51;2;8
45701;Orléans;7;71;2;19
46000;Communes hors unité urbaine du département 46;0;00;0;280
46101;Luzech;1;12;2;3
46102;Prayssac;1;13;2;4
46103;Gramat;1;13;1;1
46104;Souillac;1;14;2;2
46105;Saint-Céré;1;14;2;3
46106;Biars-sur-Cère;1;14;2;4
46107;Gourdon;1;14;2;2
46301;Figeac;3;31;2;6
46401;Cahors;4;41;2;3
47000;Communes hors unité urbaine du département 47;0;00;0;256
47101;Port-Sainte-Marie;1;11;2;2
47102;Layrac;1;13;1;1
47103;Gontaud-de-Nogaret;1;13;2;4
47104;Casteljaloux;1;14;1;1
47105;Aiguillon;1;14;2;2
47106;Miramont-de-Guyenne;1;14;2;3
47201;Tonneins;2;22;2;2
47301;Nérac;3;31;2;4
47302;Fumel;3;31;2;7
47401;Villeneuve-sur-Lot;4;44;2;13
47501;Agen;5;52;2;16
48000;Communes hors unité urbaine du département 48;0;00;0;145
48101;Langogne;1;12;1;1
48102;La Canourgue;1;13;2;2
48103;Saint-Chély-d'Apcher;1;14;1;1
48201;Marvejols;2;21;2;2
48301;Mende;3;31;1;1
49000;Communes hors unité urbaine du département 49;0;00;0;107
49101;La Ménitré;1;11;1;1
49102;Cantenay-Épinard;1;11;1;1
49103;Ingrandes-le-Fresne-sur-Loire;1;13;1;1
49104;Saint-Christophe-du-Bois;1;12;1;1
49105;Bécon-les-Granits;1;12;1;1
49106;Candé;1;12;1;1
49107;Saint-Lambert-la-Potherie;1;12;1;1
49108;Saint-Léger-sous-Cholet;1;12;1;1
49109;Seiches-sur-le-Loir;1;12;1;1
49110;Trémentines;1;13;1;1
49111;Maulévrier;1;13;1;1
49112;La Tessoualle;1;13;1;1
49113;Vernantes;1;13;2;2
49114;Durtal;1;13;1;1
49115;Saint-Georges-sur-Loire;1;13;1;1
49116;Le May-sur-Èvre;1;13;1;1
49117;Montreuil-Bellay;1;13;1;1
49118;La Séguinière;1;14;1;1
49119;Val d'Erdre-Auxence;1;14;1;1
49120;Le Lion-d'Angers;1;14;1;1
49201;Rives-du-Loir-en-Anjou;2;21;1;1
49202;Allonnes;2;21;2;2
49203;Longuenée-en-Anjou;2;21;1;1
49204;Chalonnes-sur-Loire;2;21;1;1
49205;Beaufort-en-Anjou;2;22;1;1
49206;Tiercé;2;22;2;2
49207;Montreuil-Juigné;2;22;1;1
49208;Lys-Haut-Layon;2;22;1;1
49209;Longué-Jumelles;2;22;2;2
49210;Gennes-Val-de-Loire;2;22;1;1
49211;Les Hauts-d'Anjou;2;22;1;1
49212;Ombrée d'Anjou;2;22;1;1
49301;Brissac Loire Aubance;3;31;1;1
49302;Doué-en-Anjou;3;31;1;1
49303;Baugé-en-Anjou;3;31;1;1
49304;Montrevault-sur-Èvre;3;32;1;1
49305;Orée d'Anjou;3;32;1;1
49306;Segré-en-Anjou Bleu;3;32;1;1
49307;Mauges-sur-Loire;3;32;1;1
49401;Chemillé-en-Anjou;4;41;1;1
49402;Beaupréau-en-Mauges;4;41;1;1
49403;Loire-Authion;4;42;2;5
49404;Sèvremoine;4;42;1;1
49405;Saumur;4;42;2;5
49501;Cholet;5;51;1;1
49701;Angers;7;71;2;12
50000;Communes hors unité urbaine du département 50;0;00;0;388
50101;Montmartin-sur-Mer;1;11;2;2
50102;Périers;1;12;1;1
50103;Marigny-Le-Lozon;1;12;1;1
50104;Ducey-Les Chéris;1;12;1;1
50105;Pont-Hébert;1;13;2;2
50106;Sourdeval;1;13;1;1
50107;Les Pieux;1;13;1;1
50108;Mortain-Bocage;1;13;2;2
50109;Saint-Vaast-la-Hougue;1;13;2;2
50110;La Haye;1;14;1;1
50111;Condé-sur-Vire;1;14;1;1
50112;Pontorson;1;14;1;1
50113;Saint-James;1;14;1;1
50114;Bréhal;1;14;2;3
50201;Villedieu-les-Poêles-Rouffigny;2;21;2;3
50202;Bricquebec-en-Cotentin;2;21;1;1
50203;Torigny-les-Villes;2;21;2;2
50204;Agon-Coutainville;2;22;2;3
50205;Valognes;2;22;2;2
50206;Saint-Hilaire-du-Harcouët;2;22;2;2
50207;Coutances;2;22;2;2
50301;Carentan-les-Marais;3;31;1;1
50302;Avranches;3;32;2;5
50401;Saint-Lô;4;41;2;4
50402;Granville;4;42;2;9
50501;Cherbourg-en-Cotentin;5;52;2;3
51000;Communes hors unité urbaine du département 51;0;00;0;567
51101;Sarry;1;11;1;1
51102;Fère-Champenoise;1;11;1;1
51103;Muizon;1;11;1;1
51104;Dormans;1;12;1;1
51105;Courtisols;1;13;2;2
51106;Blancs-Coteaux;1;13;1;1
51107;Warmeriville;1;13;2;2
51108;Montmirail;1;13;1;1
51109;Suippes;1;13;1;1
51110;Bazancourt;1;13;2;2
51111;Sainte-Menehould;1;14;1;1
51112;Sézanne;1;14;1;1
51201;Witry-lès-Reims;2;21;1;1
51202;Mourmelon-le-Grand;2;21;1;1
51203;Fismes;2;21;1;1
51204;Aÿ-Champagne;2;21;1;1
51301;Vitry-le-François;3;31;2;3
51401;Épernay;4;42;2;7
51501;Châlons-en-Champagne;5;51;2;5
51701;Reims;7;71;2;9
52000;Communes hors unité urbaine du département 52;0;00;0;403
52101;La Porte du Der;1;12;2;2
52102;Chalindrey;1;13;2;3
52103;Wassy;1;13;2;2
52104;Nogent;1;13;1;1
52201;Joinville;2;21;2;5
52202;Langres;2;22;2;3
52401;Chaumont;4;41;2;2
53000;Communes hors unité urbaine du département 53;0;00;0;216
53101;Saint-Pierre-la-Cour;1;11;1;1
53102;Renazé;1;12;1;1
53103;Gorron;1;12;1;1
53104;Loiron-Ruillé;1;12;1;1
53105;Ambrières-les-Vallées;1;12;1;1
53106;Villaines-la-Juhel;1;12;1;1
53107;Argentré;1;12;1;1
53108;Meslay-du-Maine;1;12;1;1
53109;Cossé-le-Vivien;1;13;1;1
53110;Montsûrs;1;13;1;1
53111;L'Huisserie;1;14;1;1
53112;Louverné;1;14;1;1
53113;Craon;1;14;1;1
53201;Ernée;2;21;1;1
53202;Bonchamp-lès-Laval;2;21;1;1
53203;Évron;2;22;1;1
53301;Mayenne;3;32;2;4
53302;Château-Gontier-sur-Mayenne;3;32;1;1
53501;Laval;5;51;2;3
54000;Communes hors unité urbaine du département 54;0;00;0;489
54101;Foug;1;12;1;1
54102;Gorcy;1;12;1;1
54103;Gondreville;1;12;1;1
54104;Rosières-aux-Salines;1;12;1;1
54105;Audun-le-Roman;1;12;2;2
54106;Valleroy;1;13;2;2
54107;Hussigny-Godbrange;1;13;1;1
54108;Richardménil;1;14;2;2
54109;Pagny-sur-Moselle;1;14;1;1
54110;Piennes;1;14;2;3
54111;Dieulouard;1;14;1;1
54112;Baccarat;1;14;2;2
54201;Tucquegnieux;2;21;2;2
54202;Longuyon;2;21;1;1
54203;Blainville-sur-l'Eau;2;22;2;2
54204;Ludres;2;22;2;2
54205;Val de Briey;2;22;2;2
54301;Jarny;3;31;2;3
54302;Neuves-Maisons;3;32;2;7
54401;Dombasle-sur-Meurthe;4;41;2;4
54402;Lunéville;4;41;2;4
54403;Toul;4;41;2;4
54404;Pont-à-Mousson;4;41;2;6
54405;Longwy (partie française);4;44;5;11
54701;Nancy;7;71;2;28
55000;Communes hors unité urbaine du département 55;0;00;0;475
55101;Montmédy;1;11;1;1
55102;Revigny-sur-Ornain;1;12;1;1
55103;Stenay;1;13;2;2
55104;Bouligny;1;13;2;2
55105;Étain;1;13;2;2
55106;Saint-Mihiel;1;14;2;3
55201;Commercy;2;21;1;1
55202;Ligny-en-Barrois;2;21;2;4
55301;Bar-le-Duc;3;32;2;4
55401;Verdun;4;41;2;3
56000;Communes hors unité urbaine du département 56;0;00;0;172
56101;Saint-Pierre-Quiberon;1;11;1;1
56102;Arzon;1;11;1;1
56103;Meucon;1;11;1;1
56104;Le Bono;1;11;1;1
56105;Josselin;1;11;1;1
56106;Le Palais;1;12;1;1
56107;Sainte-Anne-d'Auray;1;12;1;1
56108;Le Faouët;1;12;1;1
56109;Camors;1;13;1;1
56110;Merlevenez;1;13;1;1
56111;Monterblanc;1;13;1;1
56112;Locqueltas;1;13;2;2
56113;Noyal-Pontivy;1;13;1;1
56114;Sulniac;1;13;1;1
56115;Pont-Scorff;1;13;1;1
56116;Saint-Nolff;1;13;1;1
56117;Gourin;1;13;1;1
56118;Landévant;1;13;1;1
56119;La Gacilly;1;13;1;1
56120;Baden;1;14;1;1
56121;Surzur;1;14;1;1
56122;Malestroit;1;14;2;3
56123;Quiberon;1;14;1;1
56201;Muzillac;2;21;1;1
56202;Arradon;2;21;1;1
56203;Plouhinec;2;21;1;1
56204;Grand-Champ;2;21;1;1
56205;Plouay;2;21;1;1
56206;Elven;2;21;1;1
56207;Guer;2;21;1;1
56208;Baud;2;21;1;1
56209;Ploeren;2;21;1;1
56210;Kervignac;2;21;1;1
56211;Pluvigner;2;22;1;1
56212;Questembert;2;22;1;1
56213;Theix-Noyalo;2;22;1;1
56214;Languidic;2;22;1;1
56215;Locminé;2;22;2;2
56216;Sarzeau;2;22;1;1
56217;Belz;2;22;2;3
56301;Ploërmel;3;31;2;2
56302;Guidel;3;31;1;1
56303;Riantec-Locmiquélic;3;31;2;3
56304;Carnac;3;31;2;5
56305;Pontivy;3;32;2;2
56401;Hennebont;4;41;2;2
56402;Auray;4;42;2;3
56501;Vannes;5;52;2;4
56601;Lorient;6;61;2;6
57000;Communes hors unité urbaine du département 57;0;00;0;559
57101;Mandelbachtal (ALL)-Blies-Guersviller (partie française);1;11;5;1
57102;Rouhling;1;11;1;1
57103;Tressange;1;11;1;1
57104;Amanvillers;1;11;1;1
57105;Dudelange (LUX)-Volmerange-les-Mines (partie française);1;11;5;1
57106;Basse-Ham;1;11;1;1
57107;Metzervisse;1;11;1;1
57108;Farschviller;1;11;2;2
57109;Diebling;1;11;2;2
57110;Aumetz;1;11;1;1
57111;Château-Salins;1;11;1;1
57112;Porcelette;1;11;1;1
57113;Boulange;1;11;1;1
57114;Hundling;1;12;2;2
57115;Schœneck;1;12;1;1
57116;Neufchef;1;12;1;1
57117;Alsting;1;12;1;1
57118;Verny;1;12;2;2
57119;Troisfontaines;1;12;2;3
57120;Peltre;1;12;2;2
57121;Dieuze;1;12;1;1
57122;Puttelange-aux-Lacs;1;13;1;1
57123;Fontoy;1;13;1;1
57124;Kayl (LUX)-Ottange (partie française);1;13;5;1
57125;Courcelles-Chaussy;1;13;1;1
57126;Bousse;1;13;1;1
57127;Woustviller;1;13;1;1
57128;Kleinblittersdorf (ALL)-Grosbliederstroff (partie française);1;13;5;1
57129;Rohrbach-lès-Bitche;1;13;2;2
57130;Falck;1;13;2;2
57131;Longeville-lès-Saint-Avold;1;13;1;1
57132;Novéant-sur-Moselle;1;14;2;2
57133;Morhange;1;14;2;2
57134;Bouzonville;1;14;2;2
57135;Sarralbe;1;14;1;1
57136;Perl (ALL)-Sierck-les-Bains (partie française);1;14;5;5
57201;Bitche;2;21;1;1
57202;Ay-sur-Moselle;2;21;2;4
57203;Boulay-Moselle;2;21;1;1
57204;Phalsbourg;2;21;2;3
57205;Marange-Silvange;2;21;2;2
57206;Farébersviller;2;22;2;2
57207;Hettange-Grande;2;22;2;2
57208;Guénange;2;22;2;2
57301;Faulquemont;3;31;2;4
57302;Sarrebourg;3;32;2;3
57303;Creutzwald;3;32;2;3
57401;Sarreguemines (partie française);4;42;5;7
57402;Saint-Avold (partie française);4;43;5;6
57501;Sarrebruck (ALL)-Forbach (partie française);5;52;5;15
57601;Thionville;6;61;2;12
57701;Metz;7;71;2;42
58000;Communes hors unité urbaine du département 58;0;00;0;290
58101;Pougues-les-Eaux;1;11;1;1
58102;Guérigny;1;12;1;1
58103;La Machine;1;13;1;1
58104;Imphy;1;13;1;1
58105;Marzy;1;13;1;1
58106;Clamecy;1;14;2;2
58107;La Charité-sur-Loire;1;14;1;1
58201;Decize;2;22;2;2
58202;Cosne-Cours-sur-Loire;2;22;1;1
58501;Nevers;5;51;2;8
59000;Communes hors unité urbaine du département 59;0;00;0;295
59101;Villers-Outréaux;1;11;1;1
59102;Esquelbecq;1;11;1;1
59103;Mons-en-Pévèle;1;11;1;1
59104;Walincourt-Selvigny;1;11;1;1
59105;Bertry;1;11;1;1
59106;Fournes-en-Weppes;1;11;1;1
59107;Bersée;1;11;1;1
59108;Attiches;1;11;1;1
59109;Herlies;1;11;1;1
59110;Camphin-en-Pévèle;1;11;1;1
59111;Saint-Hilaire-lez-Cambrai;1;11;2;2
59112;Monchecourt;1;12;1;1
59113;Nomain;1;12;1;1
59114;Artres;1;12;2;3
59115;Steenbecque;1;12;2;2
59116;Genech;1;12;1;1
59117;Sebourg;1;12;2;3
59118;Haspres;1;12;1;1
59119;Féchain;1;12;2;3
59120;Sains-du-Nord;1;12;1;1
59121;Radinghem-en-Weppes;1;13;2;3
59122;Coutiches;1;13;1;1
59123;Spycker;1;13;2;2
59124;Haveluy;1;13;1;1
59125;Anor;1;13;1;1
59126;Iwuy;1;13;1;1
59127;Houplin-Ancoisne;1;13;1;1
59128;Landrecies;1;13;1;1
59129;Bachy;1;13;2;3
59130;Avesnes-les-Aubert;1;13;1;1
59131;Gommegnies;1;13;2;3
59132;Marquillies;1;13;2;3
59133;Busigny;1;13;2;2
59134;Hondschoote;1;14;1;1
59135;Boeschepe;1;14;2;2
59136;Steenvoorde;1;14;1;1
59137;Gondecourt;1;14;2;2
59138;Trélon;1;14;2;2
59139;Phalempin;1;14;1;1
59140;Poix-du-Nord;1;14;2;5
59201;Bavay;2;21;2;3
59202;Solesmes;2;21;2;2
59203;Mortagne-du-Nord (partie française);2;21;5;4
59204;Flines-lez-Raches;2;21;1;1
59205;Wormhout;2;21;1;1
59206;Marchiennes;2;21;2;2
59207;Masnières;2;21;2;3
59208;Bourbourg;2;22;1;1
59209;Le Cateau-Cambrésis;2;22;2;2
59210;Le Quesnoy;2;22;2;5
59211;Avesnes-sur-Helpe;2;22;2;5
59212;Téteghem-Coudekerque-Village;2;22;1;1
59301;Bray-Dunes;3;31;2;3
59302;Bergues;3;31;2;4
59303;Cysoing;3;31;2;5
59304;Annœullin;3;31;2;2
59305;Wavrin;3;31;2;3
59306;Fourmies;3;31;2;2
59307;Templeuve-en-Pévèle;3;32;2;5
59308;Orchies;3;32;2;5
59309;Caudry;3;32;2;4
59401;Hazebrouck;4;41;2;3
59402;Saint-Amand-les-Eaux;4;43;2;15
59403;Cambrai;4;44;2;8
59501;Armentières (partie française);5;52;5;10
59601;Maubeuge (partie française);6;61;5;22
59602;Dunkerque;6;62;2;8
59701;Valenciennes (partie française);7;72;5;56
59702;Lille (partie française);7;73;5;60
60000;Communes hors unité urbaine du département 60;0;00;0;546
60101;Bailleul-sur-Thérain;1;11;1;1
60102;Ressons-sur-Matz;1;11;2;3
60103;Le Mesnil-en-Thelle;1;11;1;1
60104;Maignelay-Montigny;1;12;1;1
60105;Sérifontaine;1;12;1;1
60106;Feuquières;1;12;2;3
60107;Saint-Paul;1;12;2;3
60108;Saint-Sauveur;1;12;2;2
60109;Noailles;1;12;1;1
60110;Tracy-le-Mont;1;12;2;2
60111;Auneuil;1;12;1;1
60112;Andeville;1;13;1;1
60113;Sainte-Geneviève;1;13;1;1
60114;Chaumont-en-Vexin;1;13;1;1
60115;Crèvecœur-le-Grand;1;13;1;1
60116;Neuilly-en-Thelle;1;13;1;1
60117;Grandvilliers;1;13;2;3
60118;Béthisy-Saint-Pierre;1;14;2;2
60119;Bresles;1;14;1;1
60120;Lachapelle-aux-Pots;1;14;2;3
60121;Nanteuil-le-Haudouin;1;14;1;1
60122;Breteuil;1;14;1;1
60123;Estrées-Saint-Denis;1;14;2;2
60124;Verberie;1;14;2;2
60125;Cires-lès-Mello;1;14;2;2
60201;Hermes;2;21;2;3
60202;Bornel;2;21;2;2
60203;Le Plessis-Belleville;2;21;2;2
60204;Ribécourt-Dreslincourt;2;21;2;2
60205;Trosly-Breuil;2;21;2;4
60206;Orry-la-Ville;2;21;2;2
60207;Saint-Just-en-Chaussée;2;21;2;2
60208;Lacroix-Saint-Ouen;2;22;2;3
60301;Mouy;3;31;2;4
60302;Méru;3;31;1;1
60303;Crépy-en-Valois;3;32;1;1
60304;Senlis;3;32;2;2
60305;Noyon;3;32;2;4
60306;Pont-Sainte-Maxence;3;32;2;4
60401;Clermont;4;41;2;5
60402;Chantilly;4;43;2;7
60501;Beauvais;5;51;2;4
60502;Compiègne;5;52;2;14
60601;Creil;6;61;2;23
61000;Communes hors unité urbaine du département 61;0;00;0;353
61101;Bellême;1;11;2;2
61102;Bagnoles de l'Orne Normandie;1;13;2;2
61103;Vimoutiers;1;13;1;1
61104;Sées;1;14;1;1
61105;Domfront en Poiraie;1;14;1;1
61106;Mortagne-au-Perche;1;14;2;2
61107;Tinchebray-Bocage;1;14;1;1
61201;La Ferté Macé;2;21;1;1
61301;L'Aigle;3;31;2;3
61302;Argentan;3;31;2;2
61401;Flers;4;41;2;5
62000;Communes hors unité urbaine du département 62;0;00;0;608
62101;Rœux;1;11;2;2
62102;Fruges;1;11;1;1
62103;Fauquembergues;1;12;2;4
62104;Auxi-le-Château;1;12;1;1
62105;Auchy-lès-Hesdin;1;12;2;3
62106;Équihen-Plage;1;12;1;1
62107;Norrent-Fontes;1;12;2;3
62108;Enquin-lez-Guinegatte;1;12;2;3
62109;Pernes;1;12;2;3
62110;Ferques;1;13;2;2
62111;Beaurainville;1;13;2;3
62112;Saint-Folquin;1;13;2;2
62113;Frévent;1;13;1;1
62114;Aubigny-en-Artois;1;13;2;6
62115;Camiers;1;14;2;2
62116;Bapaume;1;14;2;2
62117;Vimy;1;14;1;1
62118;Biache-Saint-Vaast;1;14;2;2
62119;Samer;1;14;2;2
62201;Oye-Plage;2;21;1;1
62202;Desvres;2;21;2;2
62203;Montreuil-sur-Mer;2;21;2;9
62204;Hesdin-la-Forêt;2;21;2;5
62205;Guînes;2;22;2;2
62206;Neufchâtel-Hardelot;2;22;2;3
62207;Ardres;2;22;2;4
62208;Saint-Pol-sur-Ternoise;2;22;2;8
62209;Marquise;2;22;2;3
62210;Lumbres;2;22;2;8
62211;Audruicq;2;22;2;4
62301;Wimereux;3;31;2;2
62401;Berck;4;44;2;7
62501;Boulogne-sur-Mer;5;52;2;8
62502;Arras;5;52;2;15
62503;Calais;5;52;2;6
63000;Communes hors unité urbaine du département 63;0;00;0;390
63101;Coudes;1;11;2;2
63102;Saint-Bonnet-près-Riom;1;11;1;1
63103;Pérignat-sur-Allier;1;11;2;2
63104;Champeix;1;11;2;2
63105;La Bourboule;1;11;2;2
63106;Ennezat;1;11;1;1
63107;Orcet;1;12;1;1
63108;Pérignat-lès-Sarliève;1;12;1;1
63109;Puy-Guillaume;1;12;1;1
63110;Maringues;1;13;1;1
63111;Aigueperse;1;13;2;2
63112;Orcines;1;13;1;1
63113;Mur-sur-Allier;1;13;1;1
63114;La Monnerie-le-Montel;1;13;2;2
63115;Vertaizon;1;13;2;2
63116;Saint-Georges-de-Mons;1;13;2;2
63117;Courpière;1;14;1;1
63118;Saint-Amant-Tallende;1;14;2;3
63119;Volvic;1;14;1;1
63120;La Roche-Blanche;1;14;2;2
63121;Billom;1;14;1;1
63201;Vic-le-Comte;2;21;1;1
63202;Saint-Éloy-les-Mines;2;21;2;3
63203;Lezoux;2;21;1;1
63204;Ambert;2;22;2;3
63301;Veyre-Monton;3;31;2;4
63302;Pont-du-Château;3;31;1;1
63303;Thiers;3;31;2;2
63304;Issoire;3;32;2;2
63401;Riom;4;43;2;6
63701;Clermont-Ferrand;7;71;2;17
64000;Communes hors unité urbaine du département 64;0;00;0;397
64101;Puyoô;1;12;2;3
64102;Navarrenx;1;12;2;6
64103;Saint-Palais;1;12;2;3
64104;Artix;1;13;1;1
64105;Arudy;1;14;2;4
64106;Salies-de-Béarn;1;14;1;1
64107;Saint-Jean-Pied-de-Port;1;14;2;7
64201;Soumoulou;2;21;2;4
64202;Mauléon-Licharre;2;21;2;8
64203;Saint-Pée-sur-Nivelle;2;21;1;1
64204;Hasparren;2;21;1;1
64301;Orthez;3;31;2;5
64302;Mourenx;3;31;2;9
64303;Oloron-Sainte-Marie;3;32;2;9
64701;Pau;7;71;2;55
65000;Communes hors unité urbaine du département 65;0;00;0;391
65101;Luz-Saint-Sauveur;1;11;2;12
65102;Ossun;1;11;1;1
65103;Maubourguet;1;11;1;1
65201;Vic-en-Bigorre;2;21;2;2
65202;Juillan;2;21;2;5
65203;Argelès-Gazost;2;21;2;13
65204;Lannemezan;2;22;2;4
65301;Bagnères-de-Bigorre;3;31;2;10
65302;Lourdes;3;32;2;13
65501;Tarbes;5;52;2;15
66000;Communes hors unité urbaine du département 66;0;00;0;151
66101;Puigcerda (ESP)-Bourg-Madame (partie française);1;11;5;1
66102;Estagel;1;11;1;1
66103;Trouillas;1;11;1;1
66104;Baixas;1;12;1;1
66105;Saint-Nazaire;1;12;1;1
66106;Ponteilla;1;12;1;1
66107;Saint-Génis-des-Fontaines;1;12;1;1
66108;Saint-Hippolyte;1;13;1;1
66109;Vinça;1;13;2;4
66110;Villelongue-de-la-Salanque;1;13;1;1
66111;Espira-de-l'Agly;1;13;1;1
66112;Salses-le-Château;1;13;1;1
66113;Villeneuve-de-la-Raho;1;13;1;1
66114;Bages;1;14;1;1
66115;Claira;1;14;1;1
66116;Millas;1;14;1;1
66117;Banyuls-sur-Mer;1;14;1;1
66118;Sainte-Marie;1;14;1;1
66119;Pollestres;1;14;1;1
66201;Saleilles;2;21;1;1
66202;Le Boulou;2;21;1;1
66203;Amélie-les-Bains-Palalda;2;21;2;2
66204;Ille-sur-Têt;2;22;2;4
66205;Prades;2;22;2;5
66206;Thuir;2;22;2;3
66301;Canet-en-Roussillon;3;31;1;1
66302;Céret;3;31;2;4
66501;Saint-Cyprien;5;51;2;14
66701;Perpignan;7;71;2;15
67000;Communes hors unité urbaine du département 67;0;00;0;345
67101;Muttersholtz;1;11;1;1
67102;Furdenheim;1;11;2;2
67103;Griesheim-près-Molsheim;1;11;1;1
67104;Kogenheim;1;11;2;2
67105;Dambach-la-Ville;1;11;1;1
67106;Ebersheim;1;11;1;1
67107;Epfig;1;11;1;1
67108;Lauterbourg;1;11;1;1
67109;Offendorf;1;11;1;1
67110;Kilstett;1;12;1;1
67111;Geudertheim;1;12;1;1
67112;Dettwiller;1;12;1;1
67113;Hilsenheim;1;12;1;1
67114;Matzenheim;1;12;2;2
67115;Marmoutier;1;12;1;1
67116;Mothern;1;12;2;2
67117;Sarre-Union;1;12;1;1
67118;Weitbruch;1;12;1;1
67119;Duttlenheim;1;12;1;1
67120;Villé;1;12;2;4
67121;Andlau;1;12;2;3
67122;Schirrhein;1;12;2;2
67123;Sessenheim;1;13;2;2
67124;Wingersheim les Quatre Bans;1;13;2;3
67125;Soultz-sous-Forêts;1;13;1;1
67126;Oberhaslach;1;13;2;2
67127;Scherwiller;1;13;1;1
67128;Ittenheim;1;13;2;3
67129;Seltz;1;13;1;1
67130;Mertzwiller;1;13;1;1
67131;Weyersheim;1;13;1;1
67132;Gerstheim;1;13;1;1
67133;Holtzheim;1;13;1;1
67134;Dingsheim;1;13;2;3
67135;Wittisheim;1;13;2;2
67136;Gries;1;13;2;2
67137;Bouxwiller;1;13;1;1
67138;Truchtersheim;1;14;1;1
67139;Rhinau;1;14;2;2
67140;Marckolsheim;1;14;1;1
67141;Betschdorf;1;14;1;1
67142;Châtenois;1;14;1;1
67143;Rœschwoog;1;14;2;2
67144;Hœrdt;1;14;1;1
67145;Bœrsch;1;14;2;3
67146;Herrlisheim;1;14;1;1
67147;Gambsheim;1;14;1;1
67148;Soufflenheim;1;14;1;1
67201;Ingwiller;2;21;2;3
67202;Drusenheim;2;21;1;1
67203;Wasselonne;2;21;1;1
67204;Hochfelden;2;21;2;2
67205;La Wantzenau;2;21;1;1
67206;Val-de-Moder;2;21;2;3
67207;Marlenheim;2;22;2;5
67208;Entzheim;2;22;2;4
67209;Wissembourg (partie française);2;22;5;1
67210;Geispolsheim;2;22;1;1
67211;Benfeld;2;22;2;2
67212;Rosheim;2;22;2;2
67213;Barr;2;22;2;3
67301;Brumath;3;31;2;4
67302;Erstein;3;31;2;2
67303;Obernai;3;31;2;2
67304;La Broque;3;31;2;8
67305;Reichshoffen-Niederbronn-les-Bains;3;31;2;4
67306;Saverne;3;32;2;8
67307;Sélestat;3;32;1;1
67401;Molsheim;4;42;2;10
67501;Haguenau;5;51;2;6
67701;Strasbourg (partie française);7;72;5;23
68000;Communes hors unité urbaine du département 68;0;00;0;224
68101;Hirsingue;1;11;1;1
68102;Labaroche;1;11;1;1
68103;Rosenau;1;11;1;1
68104;Eschentzwiller;1;11;2;2
68105;Lièpvre;1;12;2;2
68106;Biesheim;1;12;1;1
68107;Kirchberg;1;12;2;6
68108;Hochstatt;1;12;2;2
68109;Sainte-Croix-en-Plaine;1;12;1;1
68110;Fessenheim;1;13;2;2
68111;Soultzmatt;1;13;2;2
68112;Orbey;1;13;1;1
68113;Porte du Ried;1;13;2;3
68114;Burnhaupt-le-Haut;1;13;2;2
68115;Waldighofen;1;13;2;3
68116;Masevaux-Niederbruck;1;13;1;1
68117;Zillisheim;1;14;2;2
68118;Andolsheim;1;14;2;2
68119;Illfurth;1;14;2;3
68120;Bennwihr;1;14;2;4
68121;Landser;1;14;2;3
68122;Rouffach;1;14;1;1
68123;Blotzheim;1;14;1;1
68124;Sierentz;1;14;2;2
68125;Ribeauvillé;1;14;1;1
68201;Dannemarie;2;21;2;9
68202;Neuf-Brisach;2;21;2;3
68203;Kaysersberg Vignoble;2;21;2;2
68204;Sainte-Marie-aux-Mines;2;22;2;2
68205;Altkirch;2;22;2;3
68206;Kembs;2;22;2;2
68207;Ensisheim;2;22;2;2
68208;Saint-Amarin;2;22;2;9
68301;Munster;3;31;2;10
68401;Guebwiller;4;42;2;8
68402;Thann-Cernay;4;43;2;9
68403;Bâle (SUI)-Saint-Louis (partie française);4;43;5;6
68501;Colmar;5;52;2;7
68701;Mulhouse;7;71;2;20
69000;Communes hors unité urbaine du département 69;0;00;0;103
69101;Saint-Laurent-d'Agny;1;11;1;1
69102;Sainte-Foy-l'Argentière;1;13;2;3
69103;Beaujeu;1;13;2;3
69104;Saint-Symphorien-sur-Coise;1;13;1;1
69105;Saint-Martin-en-Haut;1;13;1;1
69106;Pusignan;1;14;1;1
69107;Saint-Georges-de-Reneins;1;14;1;1
69108;Cours;1;14;1;1
69109;Soucieu-en-Jarrest;1;14;1;1
69110;Saint-Pierre-de-Chandieu;1;14;1;1
69111;Amplepuis;1;14;1;1
69201;Jonage;2;21;1;1
69202;Mornant;2;21;1;1
69203;Thizy;2;21;1;1
69204;Saint-Germain-au-Mont-d'Or;2;21;2;2
69205;Saint-Étienne-des-Oullières;2;22;2;7
69301;Val d'Oingt;3;31;2;9
69302;Saint-Laurent-de-Mure;3;31;2;2
69303;Tarare;3;32;2;3
69401;L'Arbresle;4;41;2;8
70000;Communes hors unité urbaine du département 70;0;00;0;497
70101;Rioz;1;11;1;1
70102;Plancher-les-Mines;1;12;2;2
70103;Port-sur-Saône;1;12;1;1
70104;Mélisey;1;13;2;3
70105;Saint-Loup-sur-Semouse;1;13;2;2
70106;Fougerolles-Saint-Valbert;1;13;1;1
70201;Champagney-Ronchamp;2;21;2;2
70202;Gray;2;22;2;4
70301;Héricourt;3;31;2;2
70302;Lure;3;31;2;4
70303;Luxeuil-les-Bains;3;31;2;6
70401;Vesoul;4;42;2;8
71000;Communes hors unité urbaine du département 71;0;00;0;481
71101;Buxy;1;11;1;1
71102;Épinac;1;11;1;1
71103;La Roche-Vineuse;1;11;2;3
71104;Saint-Martin-Belle-Roche;1;12;2;2
71105;Verdun-Ciel;1;12;2;3
71106;Charolles;1;12;1;1
71107;La Clayette;1;12;2;3
71108;Marcigny;1;12;2;3
71109;Gergy;1;13;2;2
71110;Sennecey-le-Grand;1;13;1;1
71111;Bourbon-Lancy;1;14;1;1
71201;Givry;2;21;2;2
71202;Cluny;2;21;2;2
71203;Ouroux-sur-Saône;2;21;2;2
71204;Tournus;2;21;1;1
71205;Montchanin;2;21;2;2
71206;Gueugnon;2;21;1;1
71207;Paray-le-Monial;2;22;2;2
71301;Louhans;3;31;2;6
71302;Autun;3;31;1;1
71401;Le Creusot;4;43;2;6
71402;Montceau-les-Mines;4;43;2;5
71501;Chalon-sur-Saône;5;52;2;13
72000;Communes hors unité urbaine du département 72;0;00;0;283
72101;Saint-Georges-du-Bois;1;11;1;1
72102;Brette-les-Pins;1;11;1;1
72103;La Chartre-sur-le-Loir;1;11;2;2
72104;Joué-l'Abbé;1;11;2;2
72105;Trangé;1;11;2;2
72106;Loué;1;12;2;2
72107;Vibraye;1;12;1;1
72108;Noyen-sur-Sarthe;1;12;1;1
72109;Sillé-le-Guillaume;1;12;2;2
72110;Spay;1;12;1;1
72111;Précigné;1;12;1;1
72112;Mayet;1;13;1;1
72113;Cérans-Foulletourte;1;13;1;1
72114;La Bazoge;1;13;1;1
72115;Fresnay-sur-Sarthe;1;13;2;2
72116;Saint-Calais;1;13;2;2
72117;Sainte-Jamme-sur-Sarthe;1;13;2;2
72118;Connerré;1;13;2;2
72119;Le Lude;1;14;1;1
72120;Bonnétable;1;14;2;2
72201;Parigné-l'Évêque;2;21;1;1
72202;Écommoy;2;21;2;2
72203;Mamers;2;21;2;2
72204;La Suze-sur-Sarthe;2;22;2;2
72205;Montval-sur-Loir;2;22;2;2
72206;Champagné;2;22;2;3
72207;Mulsanne;2;21;1;1
72301;La Ferté-Bernard;3;31;2;2
72302;Sablé-sur-Sarthe;3;31;2;2
72303;La Flèche;3;31;1;1
72701;Le Mans;7;71;2;18
73000;Communes hors unité urbaine du département 73;0;00;0;163
73101;Saint-Julien-Mont-Denis;1;11;2;2
73102;La Biolle;1;12;1;1
73103;Saint-Michel-de-Maurienne;1;12;2;2
73104;Yenne;1;12;1;1
73105;Beaufort;1;13;2;3
73106;Modane;1;13;2;2
73107;Grand-Aigueblanche;1;13;1;1
73108;Aime-la-Plagne;1;14;1;1
73109;Moûtiers;1;14;2;2
73110;Saint-Étienne-de-Cuines;1;14;2;6
73111;Saint-Pierre-d'Albigny;1;14;2;2
73201;Montmélian;2;21;2;3
73202;Entrelacs;2;21;1;1
73203;Ugine;2;22;2;3
73204;Saint-Jean-de-Maurienne;2;22;2;4
73205;Bourg-Saint-Maurice;2;22;2;2
73401;Albertville;4;43;2;17
73601;Chambéry;6;62;2;35
74000;Communes hors unité urbaine du département 74;0;00;0;130
74101;Le Grand-Bornand;1;11;1;1
74102;Vulbens;1;11;2;2
74103;Frangy;1;12;2;2
74104;Beaumont;1;12;1;1
74105;Magland;1;13;1;1
74106;Taninges;1;13;1;1
74107;Abondance;1;13;2;3
74108;Groisy;1;13;1;1
74109;Veigy-Foncenex;1;13;1;1
74110;Saint-Paul-en-Chablais;1;13;2;2
74111;Samoëns;1;13;2;3
74112;Cruseilles;1;14;1;1
74113;Morzine;1;14;2;4
74114;Saint-Jeoire;1;14;2;2
74115;Valleiry;1;14;1;1
74201;Saint-Félix;2;21;2;2
74202;Viry;2;21;1;1
74203;Saint-Cergues;2;21;2;3
74204;Perrignier;2;21;2;5
74205;Douvaine;2;21;1;1
74206;Veyrier-du-Lac;2;21;2;3
74207;Messery;2;21;2;4
74208;Bons-en-Chablais;2;21;2;2
74209;Faverges-Seythenex;2;22;2;2
74210;Thônes;2;22;2;4
74301;Chamonix-Mont-Blanc;3;31;2;2
74302;Rumilly;3;32;2;2
74303;Fillière;3;32;2;7
74501;Thonon-les-Bains;5;52;2;13
74502;Cluses;5;52;2;18
74601;Annecy;6;62;2;14
76000;Communes hors unité urbaine du département 76;0;00;0;552
76101;Ymare;1;11;2;2
76102;Sahurs;1;11;2;2
76103;La Neuville-Chant-d'Oisel;1;11;1;1
76104;Jumièges;1;11;2;2
76105;Préaux;1;11;2;2
76106;Yerville;1;11;1;1
76107;Criquetot-l'Esneval;1;12;1;1
76108;Saint-Nicolas-de-la-Taille;1;12;2;2
76109;Fontaine-le-Bourg;1;12;2;2
76110;Criel-sur-Mer;1;12;1;1
76111;Houppeville;1;12;1;1
76112;Saint-Jacques-sur-Darnétal;1;12;1;1
76113;Goderville;1;12;1;1
76114;Doudeville;1;12;2;2
76115;Longueville-sur-Scie;1;13;2;7
76116;Cany-Barville;1;13;1;1
76117;Offranville;1;13;1;1
76118;Arelaune-en-Seine;1;13;2;2
76119;Hautot-sur-Mer;1;13;2;3
76120;Luneray;1;13;2;4
76121;Saint-Saëns;1;13;2;3
76122;Saint-Valery-en-Caux;1;14;1;1
76123;Terres-de-Caux;1;14;1;1
76124;Duclair;1;14;1;1
76125;Rives-en-Seine;1;14;1;1
76126;Forges-les-Eaux;1;14;2;2
76127;Le Trait;1;14;1;1
76201;Saint-Nicolas-d'Aliermont;2;21;2;4
76202;Neufchâtel-en-Bray;2;21;2;2
76203;Saint-Romain-de-Colbosc;2;21;2;3
76204;Gournay-en-Bray;2;22;2;2
76205;Petit-Caux;2;22;1;1
76301;Yvetot;3;32;2;4
76302;Bolbec;3;32;2;5
76303;Barentin;3;32;2;3
76401;Fécamp;4;41;2;2
76402;Lillebonne;4;41;2;4
76403;Dieppe;4;43;2;5
76701;Le Havre;7;71;2;18
77000;Communes hors unité urbaine du département 77;0;00;0;333
77101;Samois-sur-Seine;1;11;1;1
77102;Saint-Augustin;1;11;2;2
77103;Pontcarré;1;11;1;1
77104;Rebais;1;11;1;1
77105;La Chapelle-la-Reine;1;11;1;1
77106;Grisy-Suisnes;1;11;1;1
77107;Saint-Jean-les-Deux-Jumeaux;1;12;2;2
77108;La Grande-Paroisse;1;12;1;1
77109;Évry-Grégy-sur-Yerre;1;12;1;1
77110;Château-Landon;1;12;1;1
77111;Moussy-le-Neuf;1;13;1;1
77112;Boissy-le-Châtel;1;13;1;1
77113;Verneuil-l'Étang;1;13;1;1
77114;Chaumes-en-Brie;1;13;1;1
77115;Saint-Soupplets;1;13;1;1
77116;Annet-sur-Marne;1;13;1;1
77117;Donnemarie-Dontilly;1;13;2;2
77118;Chauconin-Neufmontiers;1;13;1;1
77119;Bray-sur-Seine;1;13;2;3
77120;Villevaudé;1;13;2;2
77121;Longueville;1;13;2;2
77122;Rozay-en-Brie;1;13;2;2
77123;Chailly-en-Bière;1;13;2;3
77124;Chevry-Cossigny;1;13;1;1
77125;Guignes;1;14;1;1
77126;Jouarre;1;14;1;1
77127;Le Châtelet-en-Brie;1;14;1;1
77128;Saâcy-sur-Marne;1;14;2;5
77129;Lizy-sur-Ourcq;1;14;2;2
77130;Mormant;1;14;1;1
77201;Coubert;2;21;2;3
77202;Bourron-Marlotte;2;21;2;2
77203;Fontenay-Trésigny;2;21;1;1
77204;Othis;2;21;1;1
77205;La Ferté-Gaucher;2;21;2;2
77206;Saint-Pathus;2;22;2;2
77207;Nangis;2;22;1;1
77208;Bois-le-Roi;2;22;2;3
77301;La Ferté-sous-Jouarre;3;31;2;3
77302;Claye-Souilly;3;31;1;1
77303;Provins;3;31;2;3
77304;Dammartin-en-Goële;3;32;2;3
77305;Gretz-Armainvilliers;3;32;2;2
77306;Brie-Comte-Robert;3;32;1;1
77401;Nemours;4;41;2;4
77402;Coulommiers;4;42;2;6
77403;Champagne-sur-Seine;4;42;2;5
77404;Montereau-Fault-Yonne;4;42;2;4
77405;Fontainebleau;4;43;2;5
77501;Bailly-Romainvilliers;5;51;2;14
77502;Meaux;5;52;2;7
78000;Communes hors unité urbaine du département 78;0;00;0;128
78101;Bouafle;1;11;1;1
78102;Septeuil;1;12;2;2
78103;Orgerus;1;12;2;2
78104;Feucherolles;1;12;1;1
78105;Ablis;1;13;1;1
78106;Ecquevilly;1;14;1;1
78107;Houdan;1;14;2;2
78108;Garancières-La Queue-les-Yvelines;1;14;2;3
78109;Saint-Rémy-l'Honoré;1;13;2;3
78201;Montfort-l'Amaury;2;21;2;3
78202;Saint-Arnoult-en-Yvelines;2;21;1;1
78203;Rosny-sur-Seine;2;21;1;1
78204;Le Perray-en-Yvelines;2;21;1;1
78205;Beynes;2;22;1;1
78206;Les Essarts-le-Roi;2;22;2;2
78301;Aubergenville;3;31;2;2
78302;Bonnières-sur-Seine;3;31;2;7
78303;Noisy-le-Roi;3;32;2;3
78401;Épône;4;41;2;7
78402;Rambouillet;4;42;1;1
79000;Communes hors unité urbaine du département 79;0;00;0;215
79101;Prahecq;1;11;1;1
79102;Coulon;1;11;1;1
79103;Coulonges-sur-l'Autize;1;11;1;1
79104;Chef-Boutonne;1;12;1;1
79105;Magné;1;12;1;1
79106;Mauzé-sur-le-Mignon;1;12;1;1
79107;Frontenay-Rohan-Rohan;1;12;1;1
79108;Celles-sur-Belle;1;13;1;1
79109;Airvault;1;13;2;2
79201;Moncoutant-sur-Sèvre;2;21;1;1
79202;Échiré;2;21;2;2
79203;Nueil-les-Aubiers;2;21;1;1
79204;La Crèche;2;21;1;1
79205;Cerizay;2;21;2;2
79206;Melle;2;21;1;1
79207;Mauléon;2;22;1;1
79301;Saint-Maixent-l'École;3;31;2;4
79302;Thouars;3;32;2;4
79303;Parthenay;3;32;2;5
79304;Bressuire;3;32;1;1
79501;Niort;5;52;2;4
80000;Communes hors unité urbaine du département 80;0;00;0;692
80101;Flesselles;1;11;1;1
80102;Chaulnes;1;11;1;1
80103;Beauval;1;11;1;1
80104;Vignacourt;1;11;1;1
80105;Airaines;1;11;1;1
80106;Poix-de-Picardie;1;11;1;1
80107;Cayeux-sur-Mer;1;11;1;1
80108;Béthencourt-sur-Mer;1;12;2;4
80109;Saint-Valery-sur-Somme;1;12;1;1
80110;Longpré-les-Corps-Saints;1;12;2;3
80111;Nesle;1;12;2;2
80112;Rue;1;13;1;1
80113;Ailly-sur-Noye;1;13;2;2
80114;Rosières-en-Santerre;1;13;2;2
80115;Flixecourt;1;13;2;2
80116;Villers-Bretonneux;1;14;1;1
80117;Moreuil;1;14;2;2
80118;Feuquières-en-Vimeu-Fressenneville;1;14;2;2
80201;Ailly-sur-Somme;2;21;2;3
80202;Roye;2;21;1;1
80203;Montdidier;2;21;2;2
80204;Doullens;2;21;2;2
80205;Friville-Escarbotin;2;21;2;4
80206;Ham;2;22;2;3
80207;Saint-Léger-lès-Domart;2;22;2;7
80208;Corbie;2;22;2;2
80209;Péronne;2;22;2;3
80210;Albert;2;22;1;1
80401;Abbeville;4;42;2;5
80601;Amiens;6;62;2;11
81000;Communes hors unité urbaine du département 81;0;00;0;264
81101;Saint-Amans-Soult;1;11;2;2
81102;Lacaune;1;11;1;1
81103;Réalmont;1;13;1;1
81104;Lisle-sur-Tarn;1;14;1;1
81201;Labruguière;2;21;1;1
81202;Marssac-sur-Tarn;2;21;2;4
81203;Rabastens;2;22;2;2
81204;Saint-Sulpice;2;22;1;1
81301;Lavaur;3;31;2;2
81302;Graulhet;3;31;2;2
81303;Carmaux;3;32;2;7
81304;Gaillac;3;32;2;3
81401;Mazamet;4;41;2;6
81501;Castres;5;51;2;8
81502;Albi;5;52;2;9
82000;Communes hors unité urbaine du département 82;0;00;0;155
82101;Septfonds;1;11;1;1
82102;Saint-Nicolas-de-la-Grave;1;11;1;1
82103;Lafrançaise;1;13;2;2
82104;La Ville-Dieu-du-Temple;1;13;1;1
82105;Dieupentale;1;13;2;2
82106;Albias;1;13;1;1
82107;Meauzac;1;13;2;3
82108;Beaumont-de-Lomagne;1;13;1;1
82109;Verdun-sur-Garonne;1;14;1;1
82201;Nègrepelisse;2;21;1;1
82202;Montech;2;21;1;1
82203;Valence;2;22;2;4
82204;Caussade;2;22;2;2
82301;Labastide-Saint-Pierre;3;31;2;6
82401;Castelsarrasin;4;42;2;2
82501;Montauban;5;52;2;9
83000;Communes hors unité urbaine du département 83;0;00;0;53
83101;Plan-d'Aups-Sainte-Baume;1;11;1;1
83102;Aups;1;11;1;1
83103;La Roquebrussanne;1;11;1;1
83104;Seillons-Source-d'Argens;1;11;1;1
83105;Figanières;1;12;1;1
83106;Bras;1;12;1;1
83107;Néoules;1;12;1;1
83108;Les Adrets-de-l'Estérel;1;12;1;1
83109;Bagnols-en-Forêt;1;12;1;1
83110;Le Plan-de-la-Tour;1;12;1;1
83111;Signes;1;12;1;1
83112;Régusse;1;12;2;2
83113;Barjols;1;12;1;1
83114;Carcès;1;13;1;1
83115;Cotignac;1;13;2;2
83116;Flassans-sur-Issole;1;13;1;1
83117;Callas;1;13;2;3
83118;Rians;1;14;1;1
83119;Vinon-sur-Verdon;1;14;1;1
83120;Puget-Ville;1;14;1;1
83121;Nans-les-Pins;1;14;1;1
83122;Forcalqueiret;1;14;2;2
83201;Tourves;2;21;1;1
83202;Rocbaron;2;21;1;1
83203;Pourrières;2;21;1;1
83204;Garéoult;2;21;1;1
83205;Pierrefeu-du-Var;2;21;1;1
83206;Salernes;2;21;2;3
83207;Saint-Tropez;2;22;2;3
83208;Lorgues;2;22;1;1
83209;Montauroux;2;22;2;2
83301;La Londe-les-Maures;3;31;1;1
83302;Cavalaire-sur-Mer;3;31;2;2
83303;Fayence;3;31;2;3
83304;Cogolin;3;31;1;1
83305;Vidauban;3;31;1;1
83306;Roquebrune-sur-Argens;3;31;1;1
83307;Bormes-les-Mimosas-Le Lavandou;3;31;2;3
83308;Gonfaron;3;32;2;4
83309;Le Luc;3;32;2;2
83310;Saint-Maximin-la-Sainte-Baume;3;32;1;1
83311;Sainte-Maxime;3;32;2;2
83401;Brignoles;4;41;2;3
83501;Draguignan;5;51;2;6
83502;Fréjus;5;52;2;3
84000;Communes hors unité urbaine du département 84;0;00;0;71
84101;Mérindol;1;11;1;1
84102;La Motte-d'Aigues;1;11;2;2
84103;Sainte-Cécile-les-Vignes;1;12;1;1
84104;Sérignan-du-Comtat;1;12;1;1
84105;Bédoin;1;13;1;1
84106;Villelaure;1;13;1;1
84107;Saint-Saturnin-lès-Apt;1;13;2;2
84108;Mondragon;1;13;1;1
84109;Lapalud;1;13;1;1
84110;Malaucène;1;14;2;3
84111;Caumont-sur-Durance;1;14;1;1
84201;La Tour-d'Aigues;2;21;2;2
84202;Camaret-sur-Aigues;2;21;2;2
84203;Piolenc;2;22;2;2
84204;Vaison-la-Romaine;2;22;2;4
84205;Valréas;2;22;1;1
84301;Cadenet;3;31;2;5
84302;Bollène;3;31;1;1
84303;Apt;3;32;2;3
84401;Pertuis;4;41;1;1
85000;Communes hors unité urbaine du département 85;0;00;0;174
85101;Moutiers-les-Mauxfaits;1;11;1;1
85102;Saint-Mathurin;1;11;1;1
85103;Saint-Michel-en-l'Herm;1;11;1;1
85104;Landevieille;1;11;2;2
85105;Longeville-sur-Mer;1;11;1;1
85106;L'Île-d'Olonne;1;12;1;1
85107;L'Aiguillon-la-Presqu'île;1;12;1;1
85108;Mareuil-sur-Lay-Dissais;1;12;1;1
85109;Angles;1;12;1;1
85110;Les Epesses;1;12;1;1
85111;Nesmy;1;12;1;1
85112;La Tranche-sur-Mer;1;12;1;1
85113;Saint-Jean-d'Hermine;1;13;1;1
85114;L'Épine;1;12;2;2
85115;La Gaubretière;1;13;1;1
85116;L'Herbergement;1;13;1;1
85117;Coëx;1;13;1;1
85118;Treize-Septiers;1;13;1;1
85119;Rocheservière;1;13;1;1
85120;Bournezeau;1;13;1;1
85121;Saint-Philbert-de-Bouaine;1;13;1;1
85122;Les Lucs-sur-Boulogne;1;13;1;1
85123;Commequiers;1;13;1;1
85124;Chavagnes-en-Paillers;1;13;1;1
85125;Saint-Laurent-sur-Sèvre;1;13;1;1
85126;La Chaize-le-Vicomte;1;13;1;1
85127;Saint-Fulgent;1;13;1;1
85128;La Châtaigneraie;1;14;2;2
85129;Beauvoir-sur-Mer;1;13;1;1
85130;La Bruffière;1;13;1;1
85131;Jard-sur-Mer;1;13;2;2
85132;Benet;1;14;1;1
85133;Dompierre-sur-Yon;1;14;1;1
85134;Venansault;1;14;1;1
85135;Noirmoutier-en-l'Île;1;14;1;1
85136;L'Île-d'Yeu;1;14;1;1
85137;Mouilleron-le-Captif;1;14;1;1
85138;La Garnache;1;14;1;1
85139;Sainte-Florence;1;11;2;2
85201;Les Achards;2;21;1;1
85202;La Ferrière;2;21;1;1
85203;Pouzauges;2;21;1;1
85204;Chanverrie;2;21;1;1
85205;Mortagne-sur-Sèvre;2;21;1;1
85206;Bellevigny;2;21;1;1
85207;Sèvremont;2;21;1;1
85208;Aubigny-Les Clouzeaux;2;21;1;1
85209;Bretignolles-sur-Mer;2;22;2;2
85210;Talmont-Saint-Hilaire;2;22;1;1
85211;Chantonnay;2;22;1;1
85212;Le Poiré-sur-Vie;2;22;1;1
85213;Essarts-en-Bocage;2;21;1;1
85214;Aizenay;2;22;1;1
85215;Luçon;2;22;1;1
85301;Les Herbiers;3;32;1;1
85302;Fontenay-le-Comte;3;32;2;4
85401;Montaigu-Vendée;4;41;1;1
85402;Challans;4;42;2;3
85403;Saint-Hilaire-de-Riez;4;43;2;7
85404;Les Sables-d'Olonne;4;44;1;1
85501;La Roche-sur-Yon;5;51;1;1
86000;Communes hors unité urbaine du département 86;0;00;0;224
86101;Quinçay;1;11;1;1
86102;Mirebeau;1;11;1;1
86103;Lencloître;1;11;1;1
86104;Lusignan;1;12;1;1
86105;Saint-Julien-l'Ars;1;12;1;1
86106;Nieuil-l'Espoir;1;12;1;1
86107;Nouaillé-Maupertuis;1;12;1;1
86108;Iteuil;1;12;1;1
86109;Dangé-Saint-Romain;1;12;1;1
86110;Gençay;1;13;2;2
86111;Lussac-les-Châteaux;1;13;2;2
86112;Montamisé;1;13;1;1
86113;Vouillé;1;13;1;1
86114;Civray;1;13;2;2
86115;Saint-Georges-lès-Baillargeaux;1;14;1;1
86116;Vivonne;1;14;1;1
86117;Mignaloux-Beauvoir;1;14;1;1
86118;Fontaine-le-Comte;1;14;2;2
86201;Neuville-de-Poitou;2;21;1;1
86202;Montmorillon;2;21;1;1
86203;Ligugé;2;21;2;2
86204;Loudun;2;21;1;1
86205;Chauvigny;2;22;1;1
86401;Châtellerault;4;44;2;4
86601;Poitiers;6;61;2;8
87000;Communes hors unité urbaine du département 87;0;00;0;173
87101;Bosmie-l'Aiguille;1;12;1;1
87102;Saint-Priest-Taurion;1;12;1;1
87103;Rochechouart;1;13;1;1
87104;Saint-Léonard-de-Noblat;1;14;1;1
87105;Rilhac-Rancon;1;14;1;1
87106;Bellac;1;14;2;2
87201;Ambazac;2;21;1;1
87202;Saint-Yrieix-la-Perche;2;21;1;1
87203;Aixe-sur-Vienne;2;22;2;2
87301;Saint-Junien;3;31;1;1
87601;Limoges;6;62;2;10
88000;Communes hors unité urbaine du département 88;0;00;0;408
88101;Liffol-le-Grand;1;11;1;1
88102;Vincey;1;11;1;1
88103;Pouxeux;1;11;2;2
88104;Granges-Aumontzey;1;12;1;1
88105;Arches;1;12;2;2
88106;Ban-de-Laveline;1;12;2;6
88107;Contrexéville;1;13;1;1
88108;Uxegney;1;13;2;2
88109;Nomexy;1;13;2;2
88110;Le Val-d'Ajol;1;13;1;1
88111;Bruyères;1;14;2;3
88201;Vittel;2;21;1;1
88202;Rambervillers;2;21;2;2
88203;Charmes;2;21;2;3
88204;Neufchâteau;2;21;1;1
88205;Mirecourt;2;22;2;4
88206;Gérardmer;2;22;2;2
88301;Moyenmoutier;3;31;2;6
88302;La Bresse;3;31;2;4
88303;Vagney;3;31;2;10
88304;Le Thillot;3;32;2;8
88401;Remiremont;4;41;2;6
88402;Saint-Dié-des-Vosges;4;44;2;16
88501;Épinal;5;51;2;12
89000;Communes hors unité urbaine du département 89;0;00;0;395
89101;Champigny;1;11;1;1
89102;Chablis;1;11;1;1
89103;Toucy;1;12;1;1
89104;Saint-Julien-du-Sault;1;12;2;2
89105;Appoigny;1;13;1;1
89106;Brienon-sur-Armançon;1;13;1;1
89107;Pont-sur-Yonne;1;13;1;1
89108;Villeneuve-la-Guyard;1;13;1;1
89109;Saint-Florentin;1;14;1;1
89201;Tonnerre;2;21;2;2
89202;Villeneuve-sur-Yonne;2;21;1;1
89203;Avallon;2;21;1;1
89204;Joigny;2;22;1;1
89301;Migennes;3;31;2;4
89401;Sens;4;43;2;6
89402;Auxerre;4;44;2;3
90000;Communes hors unité urbaine du département 90;0;00;0;60
90101;Rougemont-le-Château;1;11;2;4
90102;Roppe;1;11;2;4
90103;Étueffont;1;12;2;4
90201;Giromagny;2;21;2;4
90301;Delle (partie française);3;31;5;3
91000;Communes hors unité urbaine du département 91;0;00;0;72
91101;Pussay;1;11;1;1
91102;Vert-le-Grand;1;11;1;1
91103;Maisse;1;12;1;1
91104;Vert-le-Petit;1;12;1;1
91105;Briis-sous-Forges;1;13;1;1
91106;Boissy-sous-Saint-Yon;1;13;1;1
91107;Tigery;1;14;1;1
91108;Angerville;1;14;1;1
91201;Boutigny-sur-Essonne;2;21;2;4
91202;Milly-la-Forêt;2;21;2;2
91203;Le Mérévillois;2;21;2;3
91204;Saint-Chéron;2;21;2;2
91205;Marolles-en-Hurepoix;2;21;2;2
91206;La Ferté-Alais;2;22;2;4
91301;Limours;3;31;2;2
91302;Dourdan;3;31;2;2
91303;Ballancourt-sur-Essonne;3;32;2;3
91304;Étréchy;3;32;2;6
91401;Étampes;4;43;2;3
95000;Communes hors unité urbaine du département 95;0;00;0;88
95101;Saint-Witz;1;11;1;1
95102;Vémars;1;11;1;1
95103;Saint-Martin-du-Tertre;1;12;1;1
95104;Belloy-en-France;1;12;2;2
95105;Marines;1;13;1;1
95106;Presles;1;13;1;1
95107;Bruyères-sur-Oise;1;14;1;1
95108;Ennery;1;11;1;1
95201;Menucourt;2;21;1;1
95202;Magny-en-Vexin;2;21;2;2
95203;Montsoult;2;22;2;3
95301;Louvres;3;31;2;2
95302;Viarmes;3;32;2;5
95303;Fosses;3;32;2;3
9A000;Communes hors unité urbaine du département 971;0;00;0;6
9A101;Anse-Bertrand;1;14;1;1
9A201;Grand-Bourg;2;21;1;1
9A202;Port-Louis;2;21;1;1
9A203;Pointe-Noire;2;21;1;1
9A204;Bouillante;2;22;1;1
9A301;Sainte-Rose;3;32;1;1
9A401;Capesterre-Belle-Eau;4;42;2;2
9A501;Basse-Terre;5;51;2;7
9A701;Pointe-à-Pitre-Les Abymes;7;71;2;11
9B000;Communes hors unité urbaine du département 972;0;00;0;8
9B101;Basse-Pointe;1;13;1;1
9B102;Le Carbet;1;13;1;1
9B103;Saint-Pierre;1;14;1;1
9B201;Le Morne-Rouge;2;21;1;1
9B202;Le Diamant;2;21;1;1
9B203;Le Lorrain;2;21;1;1
9B204;Les Trois-Îlets;2;22;1;1
9B401;Sainte-Marie;4;43;2;3
9B402;Le Lamentin;4;43;1;1
9B601;Fort-de-France;6;61;2;4
9B602;Le Robert;6;61;2;11
9C000;Communes hors unité urbaine du département 973;0;00;0;12
9C101;Sinnamary;1;12;1;1
9C102;Saint-Georges;1;14;1;1
9C301;Mana;3;31;1;1
9C302;Maripasoula;3;31;1;1
9C303;Macouria;3;31;1;1
9C401;Kourou;4;42;1;1
9C402;Saint-Laurent-du-Maroni;4;44;1;1
9C601;Cayenne;6;61;2;3
9D000;Communes hors unité urbaine du département 974;0;00;0;2
9D201;Cilaos;2;21;1;1
9D202;Sainte-Rose;2;21;1;1
9D203;La Plaine-des-Palmistes;2;21;1;1
9D204;Les Trois-Bassins;2;22;1;1
9D301;Bras-Panon;3;31;1;1
9D401;Sainte-Suzanne;4;41;1;1
9D402;L'Étang-Salé;4;42;2;2
9D403;Saint-Leu;4;43;1;1
9D404;Saint-Benoît;4;43;1;1
9D405;Saint-Joseph;4;44;2;2
9D501;Saint-Louis;5;51;1;1
9D502;Saint-André;5;51;1;1
9D601;Saint-Pierre;6;62;2;3
9D602;Saint-Paul;6;62;2;3
9D603;Saint-Denis;6;62;2;2
9F201;Acoua;2;21;1;1
9F202;Kani-Kéli;2;21;1;1
9F203;Bouéni;2;21;1;1
9F204;M'Tsangamouji;2;21;1;1
9F205;Mtsamboro;2;22;1;1
9F206;Chiconi;2;22;1;1
9F207;Chirongui;2;22;1;1
9F301;Ouangani;3;31;1;1
9F302;Bandrele;3;31;1;1
9F303;Sada;3;31;1;1
9F304;Tsingoni;3;31;1;1
9F305;Bandraboua;3;31;1;1
9F306;Dembeni;3;32;1;1
9F401;Dzaoudzi;4;42;2;2
9F601;Mamoudzou;6;61;2;2